Workbook

Sheet Anleitung

Sheet Gliederradiator
A1: INPUT
A2: Bauhöhe (cm) | B2: 500 | E2: Obligatorische Werte
A3: Bautiefe (cm) | B3: 136 | E3: Ergänzende Werte: Sie ermöglichen es, die Anzahl der Glieder und Säulen zu validieren, falls nur die Abmessungen des Heizkörpers als Eingabefelder verwendet werden sollen. Können wir diese mit den folgenden Formeln umgerechnet werden.
A4: Länge (cm) | B4: 1170
A5: Anzahl Glieder | B5: 26 | C5: =IF(AND((0.85*B4/45)<B5,B5<(1.15*B4/45)),TRUE,"Anzahl der Glieder und Länge des Heizkörpers sind nicht kompatibel mit Berechnungsmodell") -> TRUE | E5: =ROUND(B4/45,0) -> 26
A6: Anzahl Säule | B6: 4 | C6: =IF(AND(B3<=70,B6=2),TRUE,IF(AND(70<B3,B3<=110,B6=3),TRUE,IF(AND(110<B3,B3<=150,B6=4),TRUE,IF(AND(150<B3,B3<=200,B6=5),TRUE,IF(AND(200<B3,B3<=250,B6=6),TRUE,"Die Anzahl von Säulen ist nicht mit der Radiatortiefe konsistent"))))) -> TRUE | E6: =IF(B3<=70,2,IF(AND(B3>70,B3<=110),3,IF(AND(B3>110,B3<=150),4,IF(AND(B3>150,B3<=200),5,IF(AND(B3>200,B3<=250),6))))) -> 4
A8: Vorlauftemperatur (°C) | B8: 55
A9: Rücklauftemperatur (°C) | B9: 45
A10: Raumlufttemperatur (°C) | B10: 22
A12: OUTPUT
A13: Leistung pro Glieder EN 442 | B13: =IF(B6=2,0.0701*B2+3.1231,IF(B6=3,0.0911*B2+7.6769,IF(B6=4,0.1145*B2+11.758,IF(B6=5,0.137*B2+16.647,IF(B6=6,0.1609*B2+20.129))))) -> 69.008
A14: Projektspezifische Leitung pro Glieder | B14: =B13*(((B8-B9)/(LN((B8-B10)/(B9-B10)))/'Exponent alle'!$N$28)^(IF(B6=2,-0.00000002*B2^2+0.00008*B2 + 1.2298,IF(B6=3,-0.00000001*B2^2+0.00006*B2 + 1.2636,IF(B6=4,-0.00000002*B2^2+0.00008*B2 + 1.2608,IF(B6=5,-0.00000002*B2^2+0.00007*B2 + 1.2826,IF(B6=6, -0.00000002*B2^2+0.00006*B2 + 1.2931))))))) -> 32.241817
A15: THGE pro Glieder | B15: =IF(B6=2,0.0016*B2+0.0569,IF(B6=3,0.0024*B2+0.0988,IF(B6=4,0.0032*B2+0.1482,IF(B6=5,0.004*B2+0.1919,IF(B6=6,0.0048*B2+0.2597))))) -> 1.7482
A17: Leistung EN 442 | B17: =B5*B13 -> 1794.208
A18: Projektspezifische Leitung | B18: =B5*B14 -> 838.28725
A19: THGE | B19: =IF(B5="",ROUND((B4-2.6)/4.6,0)*B15,IF(((0.75*B5)>(B4-2.6)/4.6)>(1.25*B5),B5*B15,"Anzahl der Glieder und Länge des Heizkörpers sind nicht kompatibel mit Berechnungsmodell")) -> 45.4532

Sheet Plattenradiator
A1: Bauhöhe (cm) | B1: 500
A2: Länge (cm) | B2: 1000
A3: Bautiefe (cm) | B3: 62
A4: Model | B4: 11
A6: Vorlauftemperatur (°C) | B6: 55
A7: Rücklauftemperatur (°C) | B7: 45
A8: Raumlufttemperatur (°C) | B8: 22
A10: Leistung EN 442 | B10: =IF(B4=11,'Basis Radiator'!Y52,IF(B4=20,'Basis Radiator'!AQ52,IF(B4=21,'Basis Radiator'!AV52,IF(B4=22,'Basis Radiator'!BV52,'Basis Radiator'!CN52)))) -> 7800
A11: Projektspezifische Leistung | B11: =B10*(((B6-B7)/(LN((B6-B8)/(B7-B8)))/'Basis Radiator'!B62)^'Basis Radiator'!A53) -> 3699.9401
A12: THGE pro Glieder | B12: =IF(B4=11,'Basis Radiator'!Y54,IF(B4=20,'Basis Radiator'!AQ54,IF(B4=21,'Basis Radiator'!AV54,IF(B4=22,'Basis Radiator'!BV54,'Basis Radiator'!CN52)))) -> 0

Sheet DIN 4720 4722
A3: DIN 4722 | Z3: DIN 4722
A4: Stahlradiatoren | B4: 50 mm/Glieder | Z4: Stahlradiatoren | AA4: 60 mm/Glieder
A6: Nabenabstand h1, Zul. Abweichung +- 0.3 | B6: Bauhöhe | C6: Bautiefe c Zul. Abweichung +- 2.0 | G6: Heizfläche je Glied in m2 für Bautiefe c | K6: Heizleistung von Heizkörpern bei tv = 90 °C, tr = 70 °C und ti = 20 °C | N6: Heizleistung von Heizkörpern bei tm = 80 °C, traum = 20 °C | S6: EN 442 ФL ΔT 50K 75/65/20°C | Z6: Nabenabstand h1, Zul. Abweichung +- 0.3 | AA6: Bauhöhe | AB6: Bautiefe c Zul. Abweichung +- 2.0 | AG6: Heizfläche je Glied in m2 für Bautiefe c | AL6: Heizleistung von Heizkörpern bei tv = 90 °C, tr = 70 °C und ti = 20 °C | AO6: Heizleistung von Heizkörpern bei tm = 80 °C, traum = 20 °C | AT6: Heizleistung von Heizkörpern bei tm = 100 °C, traum = 20 °C
G7: 110 | H7: 160 | I7: 220 | J7: 250 | K7: 110 | L7: 160 | M7: 220 | N7: 70 | O7: 110 | P7: 160 | Q7: 220 | R7: 250 | S7: 110 | T7: 160 | U7: 220 | AG7: 70 | AH7: 110 | AI7: 160 | AJ7: 220 | AK7: 250 | AL7: 110 | AM7: 160 | AN7: 220 | AO7: 70 | AP7: 110 | AQ7: 160 | AR7: 220 | AS7: 250 | AT7: 70 | AU7: 110 | AV7: 160 | AW7: 220 | AX7: 250
A8: 200 | B8: 300 | F8: 250 | J8: 0.16 | R8: 77 | Z8: 200 | AA8: 280 | AF8: 250 | AK8: 0.185 | AS8: 92 | AX8: 134
A9: 350 | B9: 450 | D9: 160 | E9: 220 | H9: 0.0155 | I9: 0.21 | P9: 74 | Q9: 99 | Z9: 350 | AA9: 430 | AD9: 160 | AE9: 220 | AI9: 0.185 | AJ9: 0.255 | AQ9: 93 | AR9: 122 | AV9: 135 | AW9: 177
A10: 500 | B10: 600 | C10: 110 | D10: 160 | E10: 220 | G10: 0.14 | H10: 0.205 | I10: 0.285 | K10: 73 | L10: 99 | M10: 130 | O10: 73 | P10: 99 | Q10: 128 | S10: =O10*('Basis Radiator'!$E$62/'Basis Radiator'!$F$62)^1.3 -> 58.048196 | T10: =P10*('Basis Radiator'!$E$62/'Basis Radiator'!$F$62)^1.3 -> 78.722896 | U10: =Q10*('Basis Radiator'!$E$62/'Basis Radiator'!$F$62)^1.3 -> 101.78314 | Z10: 500 | AA10: 580 | AC10: 110 | AD10: 160 | AE10: 220 | AH10: 0.18 | AI10: 0.255 | AJ10: 0.345 | AL10: 94 | AM10: 128 | AN10: 167 | AO10: 68 | AP10: 92 | AQ10: 126 | AR10: 162 | AT10: 99 | AU10: 134 | AV10: 183 | AW10: 235
A11: 900 | B11: 1000 | C11: 110 | D11: 160 | E11: 220 | G11: 0.24 | H11: 0.345 | I11: 0.48 | O11: 122 | P11: 157 | Q11: 204 | Z11: 900 | AA11: 980 | AB11: 70 | AD11: 160 | AE11: 220 | AG11: 0.205 | AI11: 0.44 | AJ11: 0.48 | AO11: 111 | AQ11: 204 | AR11: 260 | AT11: 161 | AV11: 297 | AW11: 378
G15: 105 | H15: 145 | I15: 185 | J15: 225 | S15: 105 | T15: 145 | U15: 185 | V15: 225
A16: Arbonia | B16: 500 | G16: ='Arbonia Tabelle'!J28 -> 0.12 | H16: ='Arbonia Tabelle'!J29 -> 0.17 | I16: ='Arbonia Tabelle'!J30 -> 0.21 | J16: ='Arbonia Tabelle'!J31 -> 0.25 | S16: ='Arbonia Tabelle'!J4 -> 53 | T16: ='Arbonia Tabelle'!J5 -> 69 | U16: ='Arbonia Tabelle'!J6 -> 85 | V16: ='Arbonia Tabelle'!J7 -> 99
G17: 100 | H17: 136 | I17: 173 | J17: 210 | S17: 100 | T17: 136 | U17: 173 | V17: 210
A18: Zehnder | B18: 500 | G18: ='Zehnder Charl. Tabelle'!H32 -> 0.11 | H18: ='Zehnder Charl. Tabelle'!H33 -> 0.15 | I18: ='Zehnder Charl. Tabelle'!H34 -> 0.19 | J18: ='Zehnder Charl. Tabelle'!H35 -> 0.23 | S18: ='Zehnder Charl. Tabelle'!H5 -> 51.6 | T18: ='Zehnder Charl. Tabelle'!H6 -> 67.6 | U18: ='Zehnder Charl. Tabelle'!H7 -> 83.5 | V18: ='Zehnder Charl. Tabelle'!H8 -> 99

Sheet Eigenschaften alle
A1: Typen | B1: Arbonia (Prolux, Kermi, etc.) | C1: Zehnder | D1: IRSAP (IT) | E1: Cordivari (IT) | F1: Fir Iron (IT) | G1: DIN 4722 Stahlradiatoren | H1: DIN 4722 Gussradiatoren | I1: Mittelwert | M1: Glieder (mm) | O1: Bauhöhe | P1: Arbonia (Prolux, Kermi, etc.) | Q1: Zehnder | R1: IRSAP | T1: DIN 4722 Stahlradiatoren | U1: DIN 4722 Gussradiatoren | W1: Baulange | X1: Arbonia (Prolux, Kermi, etc.) | Y1: Zehnder Charleston | Z1: Zehnder Charleston clinic
A2: 2 | B2: 65 | C2: 62 | D2: 65 | E2: 66 | F2: 63 | H2: 70 | I2: =AVERAGE(B2:F2) -> 64.2 | J2: bis 70 mm | L2: Arbonia (Prolux, Kermi, etc.) | M2: 45 | P2: 180 | Q2: 260 | R2: 200 | T2: 300 | U2: 280 | X2: 45 mm pro Glieder | Y2: 46 mm pro Glieder | Z2: 65 mm pro Glieder
A3: 3 | B3: 105 | C3: 100 | D3: 101 | E3: 107 | F3: 101 | G3: 110 | H3: 110 | I3: =AVERAGE(B3:F3) -> 102.8 | J3: bis 110 mm | L3: Zehnder | M3: 46 | P3: 190 | Q3: 292 | R3: 300 | T3: 450 | U3: 430 | W3: 2 | Z3: =65*W3+7 -> 137
A4: 4 | B4: 145 | C4: 136 | D4: 139 | E4: 148 | F4: 139 | G4: 160 | H4: 160 | I4: =AVERAGE(B4:F4) -> 141.4 | J4: bis 150 mm | L4: IRSAP (IT) | M4: 45 | P4: 260 | Q4: 300 | R4: 350 | T4: 600 | U4: 580 | W4: 4 | Y4: =W4*46+26 -> 210 | Z4: =65*W4+7 -> 267
A5: 5 | B5: 185 | C5: 173 | D5: 177 | E5: 189 | F5: 177 | G5: 220 | H5: 220 | I5: =AVERAGE(B5:F5) -> 180.2 | J5: bis 200 mm | L5: Cordivari (IT) | M5: 46 | P5: 300 | Q5: 342 | R5: 365 | T5: 1000 | U5: 980 | W5: 6 | X5: =W5*45 -> 270 | Y5: =W5*46+26 -> 302 | Z5: =65*W5+7 -> 397
A6: 6 | B6: 225 | C6: 210 | D6: 215 | E6: 230 | F6: 215 | G6: 250 | H6: 250 | I6: =AVERAGE(B6:F6) -> 219 | J6: bis 250 mm | L6: Fir Iron (IT) | M6: 50 | P6: 350 | Q6: 350 | R6: 400 | W6: 22 | X6: =W6*45 -> 990 | Y6: =W6*46+26 -> 1038 | Z6: =65*W6+7 -> 1437
L7: DIN 4722 Stahlradiatoren | M7: 50 | P7: 400 | Q7: 392 | R7: 450 | W7: 30 | X7: =W7*45 -> 1350 | Y7: =W7*46+26 -> 1406 | Z7: =65*W7+7 -> 1957
L8: DIN 4722 Gussradiatoren | M8: 60 | P8: 450 | Q8: 400 | R8: 500 | W8: 44 | X8: =W8*45 -> 1980 | Y8: =W8*46+26 -> 2050 | Z8: =65*W8+7 -> 2867
P9: 500 | Q9: 442 | R9: 535 | W9: 54 | X9: =W9*45 -> 2430 | Y9: =W9*46+26 -> 2510
P10: 550 | Q10: 450 | R10: 550 | W10: 59 | X10: =W10*45 -> 2655 | Y10: =W10*46+26 -> 2740
P11: 600 | Q11: 492 | R11: 565 | W11: 64 | X11: =W11*45 -> 2880 | Y11: =W11*46+26 -> 2970
P12: 750 | Q12: 500 | R12: 600 | W12: 66 | X12: =W12*45 -> 2970
P13: 900 | Q13: 542 | R13: 650
P14: 1000 | Q14: 550 | R14: 665
P15: 1100 | Q15: 592 | R15: 685
P16: 1200 | Q16: 600 | R16: 750
P17: 1500 | Q17: 742 | R17: 765
P18: 1800 | Q18: 750 | R18: 815
P19: 2000 | Q19: 892 | R19: 865
P20: 2200 | Q20: 900 | R20: 885
P21: 2500 | Q21: 992 | R21: 900
P22: 2800 | Q22: 1000 | R22: 1000
P23: 3000 | Q23: 1092 | R23: 1200
Q24: 1100 | R24: 1500
Q25: 1192 | R25: 1800
Q26: 1200 | R26: 2000
Q27: 1492 | R27: 2200
Q28: 1500 | R28: 2500
Q29: 1792
Q30: 1800
Q31: 1992
Q32: 2000
Q33: 2192
Q34: 2200
Q35: 2492
Q36: 2500
Q37: 2792
Q38: 2800
Q39: 2992
Q40: 3000

Sheet Leistung alle
A1: Heizleistung
B23: Arbonia | C23: Zehnder | D23: IRSAP | E23: Cordivari | F23: FIR Iron | G23: Mittelwert
A24: 2-Säule | B24: y = 0.0704x + 3.1521 | C24: y = 0.066x + 5.1012 | D24: y = 0.069x + 1.5026 | E24: y = 0.0739x + 2.2582 | F24: y = 0.0727x + 2.9525 | G24: y = 0.0701x + 3.1231 | I24: Cordivari | J24: FIR | K24: Arbonia | L24: IRSAP | M24: Zehnder | X24: Arbonia (Prolux, Kermi, etc.) | Y24: Zehnder | Z24: IRSAP (IT) | AA24: Cordivari (IT) | AB24: Fir Iron (IT)
I25: 66 | J25: 63 | K25: 65 | L25: 65 | M25: 62
A26: 3-Säule | B26: y = 0.0893x + 8.8262 | C26: y = 0.0874x + 7.5286 | D26: y = 0.0912x + 5.4758 | E26: y = 0.0959x + 7.5701 | F26: y = 0.0956x + 6.9839 | G26: y = 0.0911x + 7.6769 | I26: Cordivari | J26: FIR | K26: Arbonia | L26: IRSAP | M26: Zehnder | X26: 65 | Y26: 62 | Z26: 65 | AA26: 66 | AB26: 63
I27: 107 | J27: 101 | K27: 105 | L27: 101 | M27: 100
A28: 4-Säule | B28: y = 0.1127x + 12.391 | C28: y = 0.1116x + 11.375 | D28: y = 0.1145x + 9.7 | E28: y = 0.1191x + 12.684 | F28: y = 0.1186x + 11.012 | G28: y = 0.1145x + 11.758 | X28: 105 | Y28: 100 | Z28: 101 | AA28: 107 | AB28: 101
A30: 5-Säule | B30: y = 0.1288x + 22.511 | C30: y = 0.1351x + 15.436 | D30: y = 0.1383x + 12.141 | E30: y = 0.141x + 17.647 | F30: y = 0.1458x + 13.878 | G30: y = 0.137x + 16.647 | X30: 145 | Y30: 136 | Z30: 139 | AA30: 148 | AB30: 139
A32: 6-Säule | B32: y = 0.1578x + 17.294 | C32: y = 0.1575x + 19.8 | D32: y = 0.1621x + 14.609 | E32: y = 0.1544x + 31.894 | F32: y = 0.173x + 16.889 | G32: y = 0.1609x + 20.129 | X32: 185 | Y32: 173 | Z32: 177 | AA32: 189 | AB32: 177
X33: 225 | Y33: 210 | Z33: 215 | AA33: 230 | AB33: 215
A37: 2-Säule | B37: ='Zehnder Charl. Tabelle'!C$3 -> 260 | C37: ='Zehnder Charl. Tabelle'!D$3 -> 300 | D37: ='Zehnder Charl. Tabelle'!E$3 -> 350 | E37: ='Zehnder Charl. Tabelle'!F$3 -> 400 | F37: ='Zehnder Charl. Tabelle'!G$3 -> 450 | G37: ='Zehnder Charl. Tabelle'!H$3 -> 500 | H37: ='Zehnder Charl. Tabelle'!I$3 -> 550 | I37: ='Zehnder Charl. Tabelle'!J$3 -> 600 | ... U37: ='Zehnder Charl. Tabelle'!V$3 -> 3000
A38: Arbonia | B38: ='Arbonia Tabelle'!E3 -> 20 | C38: ='Arbonia Tabelle'!F3 -> 24 | D38: ='Arbonia Tabelle'!G3 -> 28 | E38: ='Arbonia Tabelle'!H3 -> 31 | F38: ='Arbonia Tabelle'!I3 -> 35 | G38: ='Arbonia Tabelle'!J3 -> 39 | H38: ='Arbonia Tabelle'!K3 -> 42 | I38: ='Arbonia Tabelle'!L3 -> 46 | ... U38: ='Arbonia Tabelle'!X3 -> 214
A39: Arbonia Formel | B39: =0.0704*B37 + 3.1521 -> 21.4561 | C39: =0.0704*C37 + 3.1521 -> 24.2721 | D39: =0.0704*D37 + 3.1521 -> 27.7921 | E39: =0.0704*E37 + 3.1521 -> 31.3121 | F39: =0.0704*F37 + 3.1521 -> 34.8321 | G39: =0.0704*G37 + 3.1521 -> 38.3521 | H39: =0.0704*H37 + 3.1521 -> 41.8721 | I39: =0.0704*I37 + 3.1521 -> 45.3921 | ... U39: =0.0704*U37 + 3.1521 -> 214.3521
A40: Zehnder | B40: ='Zehnder Charl. Tabelle'!C4 -> 21.1 | C40: ='Zehnder Charl. Tabelle'!D4 -> 23.6 | D40: ='Zehnder Charl. Tabelle'!E4 -> 27.5 | E40: ='Zehnder Charl. Tabelle'!F4 -> 31.2 | F40: ='Zehnder Charl. Tabelle'!G4 -> 34.9 | G40: ='Zehnder Charl. Tabelle'!H4 -> 38.4 | H40: ='Zehnder Charl. Tabelle'!I4 -> 41.9 | I40: ='Zehnder Charl. Tabelle'!J4 -> 45.3 | ... U40: ='Zehnder Charl. Tabelle'!V4 -> 201
A41: Zehnder Formel | B41: =0.066*B37 + 5.1012 -> 22.2612 | C41: =0.066*C37 + 5.1012 -> 24.9012 | D41: =0.066*D37 + 5.1012 -> 28.2012 | E41: =0.066*E37 + 5.1012 -> 31.5012 | F41: =0.066*F37 + 5.1012 -> 34.8012 | G41: =0.066*G37 + 5.1012 -> 38.1012 | H41: =0.066*H37 + 5.1012 -> 41.4012 | I41: =0.066*I37 + 5.1012 -> 44.7012 | ... U41: =0.066*U37 + 5.1012 -> 203.1012
A42: IRSAP | C42: ='IRSAP Tabelle'!D3 -> 23.4 | D42: ='IRSAP Tabelle'!E3 -> 26.8 | E42: ='IRSAP Tabelle'!G3 -> 30.1 | F42: ='IRSAP Tabelle'!H3 -> 33.4 | G42: ='IRSAP Tabelle'!I3 -> 36.7 | H42: ='IRSAP Tabelle'!K3 -> 39.9 | I42: ='IRSAP Tabelle'!M3 -> 43.2 | J42: ='IRSAP Tabelle'!Q3 -> 52.9 | K42: ='IRSAP Tabelle'!V3 -> 62.7 | L42: ='IRSAP Tabelle'!W3 -> 69.2 | N42: ='IRSAP Tabelle'!X3 -> 82.5 | O42: ='IRSAP Tabelle'!Y3 -> 103 | P42: ='IRSAP Tabelle'!Z3 -> 124.3 | Q42: ='IRSAP Tabelle'!AA3 -> 139 | R42: ='IRSAP Tabelle'!AB3 -> 154.2 | S42: ='IRSAP Tabelle'!AC3 -> 177.8
A43: IRSAP Formel | C43: =0.069*C37 + 1.5026 -> 22.2026 | D43: =0.069*D37 + 1.5026 -> 25.6526 | E43: =0.069*E37 + 1.5026 -> 29.1026 | F43: =0.069*F37 + 1.5026 -> 32.5526 | G43: =0.069*G37 + 1.5026 -> 36.0026 | H43: =0.069*H37 + 1.5026 -> 39.4526 | I43: =0.069*I37 + 1.5026 -> 42.9026 | J43: =0.069*J37 + 1.5026 -> 53.2526 | ... S43: =0.069*S37 + 1.5026 -> 174.0026
A44: Cordivari | C44: ='Cordivari Tabelle'!D3 -> 25.6 | E44: ='Cordivari Tabelle'!E3 -> 33 | G44: ='Cordivari Tabelle'!F3 -> 40.1 | H44: ='Cordivari Tabelle'!G3 -> 44 | I44: ='Cordivari Tabelle'!I3 -> 47.1 | J44: ='Cordivari Tabelle'!M3 -> 57.6 | L44: ='Cordivari Tabelle'!S3 -> 75.2 | N44: ='Cordivari Tabelle'!T3 -> 89.5 | O44: ='Cordivari Tabelle'!U3 -> 111.4 | P44: ='Cordivari Tabelle'!W3 -> 134.1 | Q44: ='Cordivari Tabelle'!Y3 -> 149.8 | R44: ='Cordivari Tabelle'!AA3 -> 165.9 | S44: ='Cordivari Tabelle'!AB3 -> 190.9
A45: Cordivari Formel | C45: =0.0739*C37 + 2.2582 -> 24.4282 | D45: =0.0739*D37 + 2.2582 -> 28.1232 | E45: =0.0739*E37 + 2.2582 -> 31.8182 | F45: =0.0739*F37 + 2.2582 -> 35.5132 | G45: =0.0739*G37 + 2.2582 -> 39.2082 | H45: =0.0739*H37 + 2.2582 -> 42.9032 | I45: =0.0739*I37 + 2.2582 -> 46.5982 | J45: =0.0739*J37 + 2.2582 -> 57.6832 | ... S45: =0.0739*S37 + 2.2582 -> 187.0082
A46: FIR Iron | C46: ='FIR Iron'!D3 -> 25.24 | D46: ='FIR Iron'!E3 -> 28.96 | E46: ='FIR Iron'!G3 -> 32.63 | F46: ='FIR Iron'!I3 -> 36.26 | G46: ='FIR Iron'!J3 -> 39.87 | H46: ='FIR Iron'!K3 -> 43.46 | I46: ='FIR Iron'!M3 -> 47.02 | J46: ='FIR Iron'!O3 -> 57.65 | K46: ='FIR Iron'!Q3 -> 68.22 | L46: ='FIR Iron'!S3 -> 75.26 | M46: ='FIR Iron'!U3 -> 83.2 | N46: ='FIR Iron'!V3 -> 89.35 | O46: ='FIR Iron'!W3 -> 110.64 | P46: ='FIR Iron'!X3 -> 132.23 | Q46: ='FIR Iron'!Y3 -> 146.83 | R46: ='FIR Iron'!Z3 -> 161.63 | S46: ='FIR Iron'!AA3 -> 184.23 | T46: ='FIR Iron'!AB3 -> 207.56 | U46: ='FIR Iron'!AC3 -> 223.1
A47: FIR Iron Formel | C47: =0.0727*C37 + 2.9525 -> 24.7625 | D47: =0.0727*D37 + 2.9525 -> 28.3975 | E47: =0.0727*E37 + 2.9525 -> 32.0325 | F47: =0.0727*F37 + 2.9525 -> 35.6675 | G47: =0.0727*G37 + 2.9525 -> 39.3025 | H47: =0.0727*H37 + 2.9525 -> 42.9375 | I47: =0.0727*I37 + 2.9525 -> 46.5725 | J47: =0.0727*J37 + 2.9525 -> 57.4775 | ... U47: =0.0727*U37 + 2.9525 -> 221.0525
A48: Mittelwert | B48: =AVERAGE(B38,B40,B42,B44,B46) -> 20.55 | C48: =AVERAGE(C38,C40,C42,C44,C46) -> 24.368 | D48: =AVERAGE(D38,D40,D42,D44,D46) -> 27.815 | E48: =AVERAGE(E38,E40,E42,E44,E46) -> 31.586 | F48: =AVERAGE(F38,F40,F42,F44,F46) -> 34.89 | G48: =AVERAGE(G38,G40,G42,G44,G46) -> 38.814 | H48: =AVERAGE(H38,H40,H42,H44,H46) -> 42.252 | I48: =AVERAGE(I38,I40,I42,I44,I46) -> 45.724 | ... U48: =AVERAGE(U38,U40,U42,U44,U46) -> 212.7
A49: Mittelwert Formel | B49: =0.0701*B37 + 3.1231 -> 21.3491 | C49: =0.0701*C37 + 3.1231 -> 24.1531 | D49: =0.0701*D37 + 3.1231 -> 27.6581 | E49: =0.0701*E37 + 3.1231 -> 31.1631 | F49: =0.0701*F37 + 3.1231 -> 34.6681 | G49: =0.0701*G37 + 3.1231 -> 38.1731 | H49: =0.0701*H37 + 3.1231 -> 41.6781 | I49: =0.0701*I37 + 3.1231 -> 45.1831 | ... U49: =0.0701*U37 + 3.1231 -> 213.4231
B50: =(B49-B48)/B48 -> 0.038885645 | C50: =(C49-C48)/C48 -> -0.0088189429 | D50: =(D49-D48)/D48 -> -0.0056408413 | E50: =(E49-E48)/E48 -> -0.013388843 | F50: =(F49-F48)/F48 -> -0.0063599885 | G50: =(G49-G48)/G48 -> -0.016512083 | H50: =(H49-H48)/H48 -> -0.013582789 | I50: =(I49-I48)/I48 -> -0.011829674 | ... U50: =(U49-U48)/U48 -> 0.0033996239
A52: max | B52: =MAX(B38,B40,B42,B44,B46) -> 21.1 | C52: =MAX(C38,C40,C42,C44,C46) -> 25.6 | D52: =MAX(D38,D40,D42,D44,D46) -> 28.96 | E52: =MAX(E38,E40,E42,E44,E46) -> 33 | F52: =MAX(F38,F40,F42,F44,F46) -> 36.26 | G52: =MAX(G38,G40,G42,G44,G46) -> 40.1 | H52: =MAX(H38,H40,H42,H44,H46) -> 44 | I52: =MAX(I38,I40,I42,I44,I46) -> 47.1 | ... U52: =MAX(U38,U40,U42,U44,U46) -> 223.1
A53: min | B53: =MIN(B38,B40,B42,B44,B46) -> 20 | C53: =MIN(C38,C40,C42,C44,C46) -> 23.4 | D53: =MIN(D38,D40,D42,D44,D46) -> 26.8 | E53: =MIN(E38,E40,E42,E44,E46) -> 30.1 | F53: =MIN(F38,F40,F42,F44,F46) -> 33.4 | G53: =MIN(G38,G40,G42,G44,G46) -> 36.7 | H53: =MIN(H38,H40,H42,H44,H46) -> 39.9 | I53: =MIN(I38,I40,I42,I44,I46) -> 43.2 | ... U53: =MIN(U38,U40,U42,U44,U46) -> 201
B54: =(B52-B53)/B52 -> 0.052132701 | C54: =(C52-C53)/C52 -> 0.0859375 | D54: =(D52-D53)/D52 -> 0.074585635 | E54: =(E52-E53)/E52 -> 0.087878788 | F54: =(F52-F53)/F52 -> 0.078874793 | G54: =(G52-G53)/G52 -> 0.08478803 | H54: =(H52-H53)/H52 -> 0.093181818 | I54: =(I52-I53)/I52 -> 0.082802548 | ... U54: =(U52-U53)/U52 -> 0.099058718
A55: 0.1
A57: 3-Säule | B57: ='Zehnder Charl. Tabelle'!C$3 -> 260 | C57: ='Zehnder Charl. Tabelle'!D$3 -> 300 | D57: ='Zehnder Charl. Tabelle'!E$3 -> 350 | E57: ='Zehnder Charl. Tabelle'!F$3 -> 400 | F57: ='Zehnder Charl. Tabelle'!G$3 -> 450 | G57: ='Zehnder Charl. Tabelle'!H$3 -> 500 | H57: ='Zehnder Charl. Tabelle'!I$3 -> 550 | I57: ='Zehnder Charl. Tabelle'!J$3 -> 600 | ... U57: ='Zehnder Charl. Tabelle'!V$3 -> 3000
A58: Arbonia | B58: ='Arbonia Tabelle'!E4 -> 28 | C58: ='Arbonia Tabelle'!F4 -> 33 | D58: ='Arbonia Tabelle'!G4 -> 38 | E58: ='Arbonia Tabelle'!H4 -> 43 | F58: ='Arbonia Tabelle'!I4 -> 48 | G58: ='Arbonia Tabelle'!J4 -> 53 | H58: ='Arbonia Tabelle'!K4 -> 58 | I58: ='Arbonia Tabelle'!L4 -> 63 | ... U58: ='Arbonia Tabelle'!X4 -> 270
A59: Arbonia Formel | B59: =0.0893*B57 + 8.8262 -> 32.0442 | C59: =0.0893*C57 + 8.8262 -> 35.6162 | D59: =0.0893*D57 + 8.8262 -> 40.0812 | E59: =0.0893*E57 + 8.8262 -> 44.5462 | F59: =0.0893*F57 + 8.8262 -> 49.0112 | G59: =0.0893*G57 + 8.8262 -> 53.4762 | H59: =0.0893*H57 + 8.8262 -> 57.9412 | I59: =0.0893*I57 + 8.8262 -> 62.4062 | ... U59: =0.0893*U57 + 8.8262 -> 276.7262
A60: Zehnder | B60: ='Zehnder Charl. Tabelle'!C5 -> 27.9 | C60: ='Zehnder Charl. Tabelle'!D5 -> 32 | D60: ='Zehnder Charl. Tabelle'!E5 -> 37 | E60: ='Zehnder Charl. Tabelle'!F5 -> 41.9 | F60: ='Zehnder Charl. Tabelle'!G5 -> 46.8 | G60: ='Zehnder Charl. Tabelle'!H5 -> 51.6 | H60: ='Zehnder Charl. Tabelle'!I5 -> 56.3 | I60: ='Zehnder Charl. Tabelle'!J5 -> 60.9 | ... U60: ='Zehnder Charl. Tabelle'!V5 -> 269
A61: Zehnder Formel | B61: =0.0874*B57 + 7.5286 -> 30.2526 | C61: =0.0874*C57 + 7.5286 -> 33.7486 | D61: =0.0874*D57 + 7.5286 -> 38.1186 | E61: =0.0874*E57 + 7.5286 -> 42.4886 | F61: =0.0874*F57 + 7.5286 -> 46.8586 | G61: =0.0874*G57 + 7.5286 -> 51.2286 | H61: =0.0874*H57 + 7.5286 -> 55.5986 | I61: =0.0874*I57 + 7.5286 -> 59.9686 | ... U61: =0.0874*U57 + 7.5286 -> 269.7286
A62: IRSAP | C62: ='IRSAP Tabelle'!D4 -> 32.5 | D62: ='IRSAP Tabelle'!E4 -> 37.3 | E62: ='IRSAP Tabelle'!G4 -> 42 | F62: ='IRSAP Tabelle'!H4 -> 46.7 | G62: ='IRSAP Tabelle'!I4 -> 51.4 | H62: ='IRSAP Tabelle'!K4 -> 55.9 | I62: ='IRSAP Tabelle'!M4 -> 60.6 | J62: ='IRSAP Tabelle'!Q4 -> 74.4 | K62: ='IRSAP Tabelle'!V4 -> 87.8 | L62: ='IRSAP Tabelle'!W4 -> 96.8 | N62: ='IRSAP Tabelle'!X4 -> 114.8 | O62: ='IRSAP Tabelle'!Y4 -> 141.7 | P62: ='IRSAP Tabelle'!Z4 -> 168.9 | Q62: ='IRSAP Tabelle'!AA4 -> 187.2 | R62: ='IRSAP Tabelle'!AB4 -> 205.7 | S62: ='IRSAP Tabelle'!AC4 -> 233.7
A63: IRSAP Formel | C63: =0.0912*C57 + 5.4758 -> 32.8358 | D63: =0.0912*D57 + 5.4758 -> 37.3958 | E63: =0.0912*E57 + 5.4758 -> 41.9558 | F63: =0.0912*F57 + 5.4758 -> 46.5158 | G63: =0.0912*G57 + 5.4758 -> 51.0758 | H63: =0.0912*H57 + 5.4758 -> 55.6358 | I63: =0.0912*I57 + 5.4758 -> 60.1958 | J63: =0.0912*J57 + 5.4758 -> 73.8758 | ... S63: =0.0912*S57 + 5.4758 -> 233.4758
A64: Cordivari | C64: ='Cordivari Tabelle'!D4 -> 34.7 | E64: ='Cordivari Tabelle'!E4 -> 45.1 | G64: ='Cordivari Tabelle'!F4 -> 55.2 | H64: ='Cordivari Tabelle'!G4 -> 60.9 | I64: ='Cordivari Tabelle'!I4 -> 65.2 | J64: ='Cordivari Tabelle'!M4 -> 80 | L64: ='Cordivari Tabelle'!S4 -> 104.3 | N64: ='Cordivari Tabelle'!T4 -> 123.5 | O64: ='Cordivari Tabelle'!U4 -> 151.9 | P64: ='Cordivari Tabelle'!W4 -> 180.2 | Q64: ='Cordivari Tabelle'!Y4 -> 199 | R64: ='Cordivari Tabelle'!AA4 -> 217.8 | S64: ='Cordivari Tabelle'!AB4 -> 245.9
A65: Cordivari Formel | C65: =0.0959*C57 + 7.5701 -> 36.3401 | D65: =0.0959*D57 + 7.5701 -> 41.1351 | E65: =0.0959*E57 + 7.5701 -> 45.9301 | F65: =0.0959*F57 + 7.5701 -> 50.7251 | G65: =0.0959*G57 + 7.5701 -> 55.5201 | H65: =0.0959*H57 + 7.5701 -> 60.3151 | I65: =0.0959*I57 + 7.5701 -> 65.1101 | J65: =0.0959*J57 + 7.5701 -> 79.4951 | ... S65: =0.0959*S57 + 7.5701 -> 247.3201
A66: FIR Iron | C66: ='FIR Iron'!D4 -> 35.4 | D66: ='FIR Iron'!E4 -> 40.5 | E66: ='FIR Iron'!G4 -> 45.52 | F66: ='FIR Iron'!I4 -> 50.47 | G66: ='FIR Iron'!J4 -> 55.38 | H66: ='FIR Iron'!K4 -> 60.25 | I66: ='FIR Iron'!M4 -> 65.07 | J66: ='FIR Iron'!O4 -> 79.4 | K66: ='FIR Iron'!Q4 -> 93.57 | L66: ='FIR Iron'!S4 -> 102.97 | M66: ='FIR Iron'!U4 -> 112.34 | N66: ='FIR Iron'!V4 -> 121.7 | O66: ='FIR Iron'!W4 -> 149.8 | P66: ='FIR Iron'!X4 -> 178.08 | Q66: ='FIR Iron'!Y4 -> 197.1 | R66: ='FIR Iron'!Z4 -> 216.28 | S66: ='FIR Iron'!AA4 -> 245.44 | T66: ='FIR Iron'!AB4 -> 275.09 | U66: ='FIR Iron'!AC4 -> 295.18
A67: FIR Iron Formel | C67: =0.0956*C57 + 6.9839 -> 35.6639 | D67: =0.0956*D57 + 6.9839 -> 40.4439 | E67: =0.0956*E57 + 6.9839 -> 45.2239 | F67: =0.0956*F57 + 6.9839 -> 50.0039 | G67: =0.0956*G57 + 6.9839 -> 54.7839 | H67: =0.0956*H57 + 6.9839 -> 59.5639 | I67: =0.0956*I57 + 6.9839 -> 64.3439 | J67: =0.0956*J57 + 6.9839 -> 78.6839 | ... U67: =0.0956*U57 + 6.9839 -> 293.7839
A68: Mittelwert | B68: =AVERAGE(B58,B60,B62,B64,B66) -> 27.95 | C68: =AVERAGE(C58,C60,C62,C64,C66) -> 33.52 | D68: =AVERAGE(D58,D60,D62,D64,D66) -> 38.2 | E68: =AVERAGE(E58,E60,E62,E64,E66) -> 43.504 | F68: =AVERAGE(F58,F60,F62,F64,F66) -> 47.9925 | G68: =AVERAGE(G58,G60,G62,G64,G66) -> 53.316 | H68: =AVERAGE(H58,H60,H62,H64,H66) -> 58.27 | I68: =AVERAGE(I58,I60,I62,I64,I66) -> 62.954 | ... U68: =AVERAGE(U58,U60,U62,U64,U66) -> 278.06
A69: Mittelwert Formel | B69: =0.0911*B57 + 7.6769 -> 31.3629 | C69: =0.0911*C57 + 7.6769 -> 35.0069 | D69: =0.0911*D57 + 7.6769 -> 39.5619 | E69: =0.0911*E57 + 7.6769 -> 44.1169 | F69: =0.0911*F57 + 7.6769 -> 48.6719 | G69: =0.0911*G57 + 7.6769 -> 53.2269 | H69: =0.0911*H57 + 7.6769 -> 57.7819 | I69: =0.0911*I57 + 7.6769 -> 62.3369 | ... U69: =0.0911*U57 + 7.6769 -> 280.9769
B70: =(B69-B68)/B68 -> 0.12210733 | C70: =(C69-C68)/C68 -> 0.044358592 | D70: =(D69-D68)/D68 -> 0.035651832 | E70: =(E69-E68)/E68 -> 0.01408836 | F70: =(F69-F68)/F68 -> 0.014156379 | G70: =(G69-G68)/G68 -> -0.0016711681 | H70: =(H69-H68)/H68 -> -0.0083765231 | I70: =(I69-I68)/I68 -> -0.0098023954 | ... U70: =(U69-U68)/U68 -> 0.010490182
A72: max | B72: =MAX(B58,B60,B62,B64,B66) -> 28 | C72: =MAX(C58,C60,C62,C64,C66) -> 35.4 | D72: =MAX(D58,D60,D62,D64,D66) -> 40.5 | E72: =MAX(E58,E60,E62,E64,E66) -> 45.52 | F72: =MAX(F58,F60,F62,F64,F66) -> 50.47 | G72: =MAX(G58,G60,G62,G64,G66) -> 55.38 | H72: =MAX(H58,H60,H62,H64,H66) -> 60.9 | I72: =MAX(I58,I60,I62,I64,I66) -> 65.2 | ... U72: =MAX(U58,U60,U62,U64,U66) -> 295.18
A73: min | B73: =MIN(B58,B60,B62,B64,B66) -> 27.9 | C73: =MIN(C58,C60,C62,C64,C66) -> 32 | D73: =MIN(D58,D60,D62,D64,D66) -> 37 | E73: =MIN(E58,E60,E62,E64,E66) -> 41.9 | F73: =MIN(F58,F60,F62,F64,F66) -> 46.7 | G73: =MIN(G58,G60,G62,G64,G66) -> 51.4 | H73: =MIN(H58,H60,H62,H64,H66) -> 55.9 | I73: =MIN(I58,I60,I62,I64,I66) -> 60.6 | ... U73: =MIN(U58,U60,U62,U64,U66) -> 269
B74: =(B72-B73)/B72 -> 0.0035714286 | C74: =(C72-C73)/C72 -> 0.096045198 | D74: =(D72-D73)/D72 -> 0.086419753 | E74: =(E72-E73)/E72 -> 0.079525483 | F74: =(F72-F73)/F72 -> 0.07469784 | G74: =(G72-G73)/G72 -> 0.0718671 | H74: =(H72-H73)/H72 -> 0.082101806 | I74: =(I72-I73)/I72 -> 0.070552147 | ... U74: =(U72-U73)/U72 -> 0.088691646
A76: 4-Säule | B76: ='Zehnder Charl. Tabelle'!C$3 -> 260 | C76: ='Zehnder Charl. Tabelle'!D$3 -> 300 | D76: ='Zehnder Charl. Tabelle'!E$3 -> 350 | E76: ='Zehnder Charl. Tabelle'!F$3 -> 400 | F76: ='Zehnder Charl. Tabelle'!G$3 -> 450 | G76: ='Zehnder Charl. Tabelle'!H$3 -> 500 | H76: ='Zehnder Charl. Tabelle'!I$3 -> 550 | I76: ='Zehnder Charl. Tabelle'!J$3 -> 600 | ... U76: ='Zehnder Charl. Tabelle'!V$3 -> 3000
A77: Arbonia | B77: ='Arbonia Tabelle'!E5 -> 36 | C77: ='Arbonia Tabelle'!F5 -> 43 | D77: ='Arbonia Tabelle'!G5 -> 49 | E77: ='Arbonia Tabelle'!H5 -> 56 | F77: ='Arbonia Tabelle'!I5 -> 62 | G77: ='Arbonia Tabelle'!J5 -> 69 | H77: ='Arbonia Tabelle'!K5 -> 75 | I77: ='Arbonia Tabelle'!L5 -> 81 | ... U77: ='Arbonia Tabelle'!X5 -> 343
A78: Arbonia Formel | B78: =0.1127*B76 + 12.391 -> 41.693 | C78: =0.1127*C76 + 12.391 -> 46.201 | D78: =0.1127*D76 + 12.391 -> 51.836 | E78: =0.1127*E76 + 12.391 -> 57.471 | F78: =0.1127*F76 + 12.391 -> 63.106 | G78: =0.1127*G76 + 12.391 -> 68.741 | H78: =0.1127*H76 + 12.391 -> 74.376 | I78: =0.1127*I76 + 12.391 -> 80.011 | ... U78: =0.1127*U76 + 12.391 -> 350.491
A79: Zehnder | B79: ='Zehnder Charl. Tabelle'!C6 -> 36.5 | C79: ='Zehnder Charl. Tabelle'!D6 -> 41.9 | D79: ='Zehnder Charl. Tabelle'!E6 -> 48.5 | E79: ='Zehnder Charl. Tabelle'!F6 -> 54.9 | F79: ='Zehnder Charl. Tabelle'!G6 -> 61.3 | G79: ='Zehnder Charl. Tabelle'!H6 -> 67.6 | H79: ='Zehnder Charl. Tabelle'!I6 -> 73.7 | I79: ='Zehnder Charl. Tabelle'!J6 -> 79.8 | ... U79: ='Zehnder Charl. Tabelle'!V6 -> 345
A80: Zehnder Formel | B80: =0.1116*B76 + 11.375 -> 40.391 | C80: =0.1116*C76 + 11.375 -> 44.855 | D80: =0.1116*D76 + 11.375 -> 50.435 | E80: =0.1116*E76 + 11.375 -> 56.015 | F80: =0.1116*F76 + 11.375 -> 61.595 | G80: =0.1116*G76 + 11.375 -> 67.175 | H80: =0.1116*H76 + 11.375 -> 72.755 | I80: =0.1116*I76 + 11.375 -> 78.335 | ... U80: =0.1116*U76 + 11.375 -> 346.175
A81: IRSAP | C81: ='IRSAP Tabelle'!D5 -> 42.1 | D81: ='IRSAP Tabelle'!E5 -> 48.4 | E81: ='IRSAP Tabelle'!G5 -> 54.6 | F81: ='IRSAP Tabelle'!H5 -> 60.8 | G81: ='IRSAP Tabelle'!I5 -> 66.9 | H81: ='IRSAP Tabelle'!K5 -> 73 | I81: ='IRSAP Tabelle'!M5 -> 79 | J81: ='IRSAP Tabelle'!Q5 -> 96.8 | K81: ='IRSAP Tabelle'!V5 -> 114.3 | L81: ='IRSAP Tabelle'!W5 -> 125.9 | N81: ='IRSAP Tabelle'!X5 -> 148.8 | O81: ='IRSAP Tabelle'!Y5 -> 182.6 | P81: ='IRSAP Tabelle'!Z5 -> 216 | Q81: ='IRSAP Tabelle'!AA5 -> 238.1 | R81: ='IRSAP Tabelle'!AB5 -> 260 | S81: ='IRSAP Tabelle'!AC5 -> 292.8
A82: IRSAP Formel | C82: =0.1145*C76 + 9.7 -> 44.05 | D82: =0.1145*D76 + 9.7 -> 49.775 | E82: =0.1145*E76 + 9.7 -> 55.5 | F82: =0.1145*F76 + 9.7 -> 61.225 | G82: =0.1145*G76 + 9.7 -> 66.95 | H82: =0.1145*H76 + 9.7 -> 72.675 | I82: =0.1145*I76 + 9.7 -> 78.4 | J82: =0.1145*J76 + 9.7 -> 95.575 | ... S82: =0.1145*S76 + 9.7 -> 295.95
A83: Cordivari | C83: ='Cordivari Tabelle'!D5 -> 46.8 | E83: ='Cordivari Tabelle'!E5 -> 59.8 | G83: ='Cordivari Tabelle'!F5 -> 72.4 | H83: ='Cordivari Tabelle'!G5 -> 79.3 | I83: ='Cordivari Tabelle'!I5 -> 84.7 | J83: ='Cordivari Tabelle'!M5 -> 102.9 | L83: ='Cordivari Tabelle'!S5 -> 132.7 | N83: ='Cordivari Tabelle'!T5 -> 156.2 | O83: ='Cordivari Tabelle'!U5 -> 191.4 | P83: ='Cordivari Tabelle'!W5 -> 226.6 | Q83: ='Cordivari Tabelle'!Y5 -> 250.3 | R83: ='Cordivari Tabelle'!AA5 -> 274.1 | S83: ='Cordivari Tabelle'!AB5 -> 310.2
A84: Cordivari Formel | C84: =0.1191*C76 + 12.684 -> 48.414 | D84: =0.1191*D76 + 12.684 -> 54.369 | E84: =0.1191*E76 + 12.684 -> 60.324 | F84: =0.1191*F76 + 12.684 -> 66.279 | G84: =0.1191*G76 + 12.684 -> 72.234 | H84: =0.1191*H76 + 12.684 -> 78.189 | I84: =0.1191*I76 + 12.684 -> 84.144 | J84: =0.1191*J76 + 12.684 -> 102.009 | ... S84: =0.1191*S76 + 12.684 -> 310.434
A85: FIR Iron | C85: ='FIR Iron'!D5 -> 45.56 | D85: ='FIR Iron'!E5 -> 52.04 | E85: ='FIR Iron'!G5 -> 58.4 | F85: ='FIR Iron'!I5 -> 64.68 | G85: ='FIR Iron'!J5 -> 70.88 | H85: ='FIR Iron'!K5 -> 77.03 | I85: ='FIR Iron'!M5 -> 83.12 | J85: ='FIR Iron'!O5 -> 101.15 | K85: ='FIR Iron'!Q5 -> 118.92 | L85: ='FIR Iron'!S5 -> 130.67 | M85: ='FIR Iron'!U5 -> 142.38 | N85: ='FIR Iron'!V5 -> 154.04 | O85: ='FIR Iron'!W5 -> 188.95 | P85: ='FIR Iron'!X5 -> 223.92 | Q85: ='FIR Iron'!Y5 -> 247.36 | R85: ='FIR Iron'!Z5 -> 270.93 | S85: ='FIR Iron'!AA5 -> 306.3 | T85: ='FIR Iron'!AB5 -> 342.82 | U85: ='FIR Iron'!AC5 -> 367.25
A86: FIR Iron Formel | C86: =0.1186*C76 + 11.012 -> 46.592 | D86: =0.1186*D76 + 11.012 -> 52.522 | E86: =0.1186*E76 + 11.012 -> 58.452 | F86: =0.1186*F76 + 11.012 -> 64.382 | G86: =0.1186*G76 + 11.012 -> 70.312 | H86: =0.1186*H76 + 11.012 -> 76.242 | I86: =0.1186*I76 + 11.012 -> 82.172 | J86: =0.1186*J76 + 11.012 -> 99.962 | ... U86: =0.1186*U76 + 11.012 -> 366.812
A87: Mittelwert | B87: =AVERAGE(B77,B79,B81,B83,B85) -> 36.25 | C87: =AVERAGE(C77,C79,C81,C83,C85) -> 43.872 | D87: =AVERAGE(D77,D79,D81,D83,D85) -> 49.485 | E87: =AVERAGE(E77,E79,E81,E83,E85) -> 56.74 | F87: =AVERAGE(F77,F79,F81,F83,F85) -> 62.195 | G87: =AVERAGE(G77,G79,G81,G83,G85) -> 69.356 | H87: =AVERAGE(H77,H79,H81,H83,H85) -> 75.606 | I87: =AVERAGE(I77,I79,I81,I83,I85) -> 81.524 | ... U87: =AVERAGE(U77,U79,U81,U83,U85) -> 351.75
A88: Mittelwert Formel | B88: =0.1145*B76 + 11.758 -> 41.528 | C88: =0.1145*C76 + 11.758 -> 46.108 | D88: =0.1145*D76 + 11.758 -> 51.833 | E88: =0.1145*E76 + 11.758 -> 57.558 | F88: =0.1145*F76 + 11.758 -> 63.283 | G88: =0.1145*G76 + 11.758 -> 69.008 | H88: =0.1145*H76 + 11.758 -> 74.733 | I88: =0.1145*I76 + 11.758 -> 80.458 | ... U88: =0.1145*U76 + 11.758 -> 355.258
B89: =(B88-B87)/B87 -> 0.1456 | C89: =(C88-C87)/C87 -> 0.050966448 | D89: =(D88-D87)/D87 -> 0.047448722 | E89: =(E88-E87)/E87 -> 0.014416637 | F89: =(F88-F87)/F87 -> 0.017493368 | G89: =(G88-G87)/G87 -> -0.0050175904 | H89: =(H88-H87)/H87 -> -0.011546703 | I89: =(I88-I87)/I87 -> -0.013075904 | ... U89: =(U88-U87)/U87 -> 0.0099729922
A91: max | B91: =MAX(B77,B79,B81,B83,B85) -> 36.5 | C91: =MAX(C77,C79,C81,C83,C85) -> 46.8 | D91: =MAX(D77,D79,D81,D83,D85) -> 52.04 | E91: =MAX(E77,E79,E81,E83,E85) -> 59.8 | F91: =MAX(F77,F79,F81,F83,F85) -> 64.68 | G91: =MAX(G77,G79,G81,G83,G85) -> 72.4 | H91: =MAX(H77,H79,H81,H83,H85) -> 79.3 | I91: =MAX(I77,I79,I81,I83,I85) -> 84.7 | ... U91: =MAX(U77,U79,U81,U83,U85) -> 367.25
A92: min | B92: =MIN(B77,B79,B81,B83,B85) -> 36 | C92: =MIN(C77,C79,C81,C83,C85) -> 41.9 | D92: =MIN(D77,D79,D81,D83,D85) -> 48.4 | E92: =MIN(E77,E79,E81,E83,E85) -> 54.6 | F92: =MIN(F77,F79,F81,F83,F85) -> 60.8 | G92: =MIN(G77,G79,G81,G83,G85) -> 66.9 | H92: =MIN(H77,H79,H81,H83,H85) -> 73 | I92: =MIN(I77,I79,I81,I83,I85) -> 79 | ... U92: =MIN(U77,U79,U81,U83,U85) -> 343
B93: =(B91-B92)/B91 -> 0.01369863 | C93: =(C91-C92)/C91 -> 0.10470085 | D93: =(D91-D92)/D91 -> 0.069946195 | E93: =(E91-E92)/E91 -> 0.086956522 | F93: =(F91-F92)/F91 -> 0.059987631 | G93: =(G91-G92)/G91 -> 0.075966851 | H93: =(H91-H92)/H91 -> 0.079445145 | I93: =(I91-I92)/I91 -> 0.06729634 | ... U93: =(U91-U92)/U91 -> 0.066031314
A95: 5-Säule | B95: ='Zehnder Charl. Tabelle'!C$3 -> 260 | C95: ='Zehnder Charl. Tabelle'!D$3 -> 300 | D95: ='Zehnder Charl. Tabelle'!E$3 -> 350 | E95: ='Zehnder Charl. Tabelle'!F$3 -> 400 | F95: ='Zehnder Charl. Tabelle'!G$3 -> 450 | G95: ='Zehnder Charl. Tabelle'!H$3 -> 500 | H95: ='Zehnder Charl. Tabelle'!I$3 -> 550 | I95: ='Zehnder Charl. Tabelle'!J$3 -> 600 | ... U95: ='Zehnder Charl. Tabelle'!V$3 -> 3000
A96: Arbonia | B96: ='Arbonia Tabelle'!E6 -> 45 | C96: ='Arbonia Tabelle'!F6 -> 53 | D96: ='Arbonia Tabelle'!G6 -> 61 | E96: ='Arbonia Tabelle'!H6 -> 69 | F96: ='Arbonia Tabelle'!I6 -> 77 | G96: ='Arbonia Tabelle'!J6 -> 85 | H96: ='Arbonia Tabelle'!K6 -> 93 | I96: ='Arbonia Tabelle'!L6 -> 100 | ... U96: ='Arbonia Tabelle'!X6 -> 394
A97: Arbonia Formel | B97: =0.1288*B95 + 22.511 -> 55.999 | C97: =0.1288*C95 + 22.511 -> 61.151 | D97: =0.1288*D95 + 22.511 -> 67.591 | E97: =0.1288*E95 + 22.511 -> 74.031 | F97: =0.1288*F95 + 22.511 -> 80.471 | G97: =0.1288*G95 + 22.511 -> 86.911 | H97: =0.1288*H95 + 22.511 -> 93.351 | I97: =0.1288*I95 + 22.511 -> 99.791 | ... U97: =0.1288*U95 + 22.511 -> 408.911
A98: Zehnder | B98: ='Zehnder Charl. Tabelle'!C7 -> 45.1 | C98: ='Zehnder Charl. Tabelle'!D7 -> 51.7 | D98: ='Zehnder Charl. Tabelle'!E7 -> 59.9 | E98: ='Zehnder Charl. Tabelle'!F7 -> 67.9 | F98: ='Zehnder Charl. Tabelle'!G7 -> 75.8 | G98: ='Zehnder Charl. Tabelle'!H7 -> 83.5 | H98: ='Zehnder Charl. Tabelle'!I7 -> 91.1 | I98: ='Zehnder Charl. Tabelle'!J7 -> 98.6 | ... U98: ='Zehnder Charl. Tabelle'!V7 -> 420
A99: Zehnder Formel | B99: =0.1351*B95 + 15.436 -> 50.562 | C99: =0.1351*C95 + 15.436 -> 55.966 | D99: =0.1351*D95 + 15.436 -> 62.721 | E99: =0.1351*E95 + 15.436 -> 69.476 | F99: =0.1351*F95 + 15.436 -> 76.231 | G99: =0.1351*G95 + 15.436 -> 82.986 | H99: =0.1351*H95 + 15.436 -> 89.741 | I99: =0.1351*I95 + 15.436 -> 96.496 | ... U99: =0.1351*U95 + 15.436 -> 420.736
A100: IRSAP | C100: ='IRSAP Tabelle'!D6 -> 51.4 | D100: ='IRSAP Tabelle'!E6 -> 59 | E100: ='IRSAP Tabelle'!G6 -> 66.5 | F100: ='IRSAP Tabelle'!H6 -> 74 | G100: ='IRSAP Tabelle'!I6 -> 81.3 | H100: ='IRSAP Tabelle'!K6 -> 88.7 | I100: ='IRSAP Tabelle'!M6 -> 95.9 | J100: ='IRSAP Tabelle'!Q6 -> 117.4 | K100: ='IRSAP Tabelle'!V6 -> 138.5 | L100: ='IRSAP Tabelle'!W6 -> 152.4 | N100: ='IRSAP Tabelle'!X6 -> 180 | O100: ='IRSAP Tabelle'!Y6 -> 220.9 | P100: ='IRSAP Tabelle'!Z6 -> 261.3 | Q100: ='IRSAP Tabelle'!AA6 -> 288 | R100: ='IRSAP Tabelle'!AB6 -> 314.7 | S100: ='IRSAP Tabelle'!AC6 -> 354.5
A101: IRSAP Formel | C101: =0.1383*C95 + 12.141 -> 53.631 | D101: =0.1383*D95 + 12.141 -> 60.546 | E101: =0.1383*E95 + 12.141 -> 67.461 | F101: =0.1383*F95 + 12.141 -> 74.376 | G101: =0.1383*G95 + 12.141 -> 81.291 | H101: =0.1383*H95 + 12.141 -> 88.206 | I101: =0.1383*I95 + 12.141 -> 95.121 | J101: =0.1383*J95 + 12.141 -> 115.866 | ... S101: =0.1383*S95 + 12.141 -> 357.891
A102: Cordivari | C102: ='Cordivari Tabelle'!D6 -> 56.5 | E102: ='Cordivari Tabelle'!E6 -> 72.4 | G102: ='Cordivari Tabelle'!F6 -> 87.7 | H102: ='Cordivari Tabelle'!G6 -> 96.2 | I102: ='Cordivari Tabelle'!I6 -> 102.7 | J102: ='Cordivari Tabelle'!M6 -> 124.8 | L102: ='Cordivari Tabelle'!S6 -> 160.6 | N102: ='Cordivari Tabelle'!T6 -> 188.8 | O102: ='Cordivari Tabelle'!U6 -> 230.4 | P102: ='Cordivari Tabelle'!W6 -> 271.6 | Q102: ='Cordivari Tabelle'!Y6 -> 299 | R102: ='Cordivari Tabelle'!AA6 -> 326.4 | S102: ='Cordivari Tabelle'!AB6 -> 367.4
A103: Cordivari Formel | C103: =0.141*C95 + 17.647 -> 59.947 | D103: =0.141*D95 + 17.647 -> 66.997 | E103: =0.141*E95 + 17.647 -> 74.047 | F103: =0.141*F95 + 17.647 -> 81.097 | G103: =0.141*G95 + 17.647 -> 88.147 | H103: =0.141*H95 + 17.647 -> 95.197 | I103: =0.141*I95 + 17.647 -> 102.247 | J103: =0.141*J95 + 17.647 -> 123.397 | ... S103: =0.141*S95 + 17.647 -> 370.147
A104: FIR Iron | C104: ='FIR Iron'!D6 -> 55.98 | D104: ='FIR Iron'!E6 -> 63.99 | E104: ='FIR Iron'!G6 -> 71.87 | F104: ='FIR Iron'!I6 -> 79.64 | G104: ='FIR Iron'!J6 -> 87.32 | H104: ='FIR Iron'!K6 -> 94.93 | I104: ='FIR Iron'!M6 -> 102.48 | J104: ='FIR Iron'!O6 -> 124.8 | K104: ='FIR Iron'!Q6 -> 146.79 | L104: ='FIR Iron'!S6 -> 161.31 | M104: ='FIR Iron'!U6 -> 175.77 | N104: ='FIR Iron'!V6 -> 190.17 | O104: ='FIR Iron'!W6 -> 233.18 | P104: ='FIR Iron'!X6 -> 276.14 | Q104: ='FIR Iron'!Y6 -> 304.85 | R104: ='FIR Iron'!Z6 -> 333.68 | S104: ='FIR Iron'!AA6 -> 377.21 | T104: ='FIR Iron'!AB6 -> 421.18 | U104: ='FIR Iron'!AC6 -> 450.78
A105: FIR Iron Formel | C105: =0.1458*C95 + 13.878 -> 57.618 | D105: =0.1458*D95 + 13.878 -> 64.908 | E105: =0.1458*E95 + 13.878 -> 72.198 | F105: =0.1458*F95 + 13.878 -> 79.488 | G105: =0.1458*G95 + 13.878 -> 86.778 | H105: =0.1458*H95 + 13.878 -> 94.068 | I105: =0.1458*I95 + 13.878 -> 101.358 | J105: =0.1458*J95 + 13.878 -> 123.228 | ... U105: =0.1458*U95 + 13.878 -> 451.278
A106: Mittelwert | B106: =AVERAGE(B96,B98,B100,B102,B104) -> 45.05 | C106: =AVERAGE(C96,C98,C100,C102,C104) -> 53.716 | D106: =AVERAGE(D96,D98,D100,D102,D104) -> 60.9725 | E106: =AVERAGE(E96,E98,E100,E102,E104) -> 69.534 | F106: =AVERAGE(F96,F98,F100,F102,F104) -> 76.61 | G106: =AVERAGE(G96,G98,G100,G102,G104) -> 84.964 | H106: =AVERAGE(H96,H98,H100,H102,H104) -> 92.786 | I106: =AVERAGE(I96,I98,I100,I102,I104) -> 99.936 | ... U106: =AVERAGE(U96,U98,U100,U102,U104) -> 421.59333
A107: Mittelwert Formel | B107: =0.137*B95 + 16.647 -> 52.267 | C107: =0.137*C95 + 16.647 -> 57.747 | D107: =0.137*D95 + 16.647 -> 64.597 | E107: =0.137*E95 + 16.647 -> 71.447 | F107: =0.137*F95 + 16.647 -> 78.297 | G107: =0.137*G95 + 16.647 -> 85.147 | H107: =0.137*H95 + 16.647 -> 91.997 | I107: =0.137*I95 + 16.647 -> 98.847 | ... U107: =0.137*U95 + 16.647 -> 427.647
B108: =(B107-B106)/B106 -> 0.16019978 | C108: =(C107-C106)/C106 -> 0.075042818 | D108: =(D107-D106)/D106 -> 0.059444832 | E108: =(E107-E106)/E106 -> 0.027511721 | F108: =(F107-F106)/F106 -> 0.022020624 | G108: =(G107-G106)/G106 -> 0.0021538534 | H108: =(H107-H106)/H106 -> -0.008503438 | I108: =(I107-I106)/I106 -> -0.010896974 | ... U108: =(U107-U106)/U106 -> 0.014359019
A110: max | B110: =MAX(B96,B98,B100,B102,B104) -> 45.1 | C110: =MAX(C96,C98,C100,C102,C104) -> 56.5 | D110: =MAX(D96,D98,D100,D102,D104) -> 63.99 | E110: =MAX(E96,E98,E100,E102,E104) -> 72.4 | F110: =MAX(F96,F98,F100,F102,F104) -> 79.64 | G110: =MAX(G96,G98,G100,G102,G104) -> 87.7 | H110: =MAX(H96,H98,H100,H102,H104) -> 96.2 | I110: =MAX(I96,I98,I100,I102,I104) -> 102.7 | ... U110: =MAX(U96,U98,U100,U102,U104) -> 450.78
A111: min | B111: =MIN(B96,B98,B100,B102,B104) -> 45 | C111: =MIN(C96,C98,C100,C102,C104) -> 51.4 | D111: =MIN(D96,D98,D100,D102,D104) -> 59 | E111: =MIN(E96,E98,E100,E102,E104) -> 66.5 | F111: =MIN(F96,F98,F100,F102,F104) -> 74 | G111: =MIN(G96,G98,G100,G102,G104) -> 81.3 | H111: =MIN(H96,H98,H100,H102,H104) -> 88.7 | I111: =MIN(I96,I98,I100,I102,I104) -> 95.9 | ... U111: =MIN(U96,U98,U100,U102,U104) -> 394
B112: =(B110-B111)/B110 -> 0.0022172949 | C112: =(C110-C111)/C110 -> 0.090265487 | D112: =(D110-D111)/D110 -> 0.077980935 | E112: =(E110-E111)/E110 -> 0.081491713 | F112: =(F110-F111)/F110 -> 0.070818684 | G112: =(G110-G111)/G110 -> 0.072976055 | H112: =(H110-H111)/H110 -> 0.077962578 | I112: =(I110-I111)/I110 -> 0.066212269 | ... U112: =(U110-U111)/U110 -> 0.12595945
A114: 6-Säule | B114: ='Zehnder Charl. Tabelle'!C$3 -> 260 | C114: ='Zehnder Charl. Tabelle'!D$3 -> 300 | D114: ='Zehnder Charl. Tabelle'!E$3 -> 350 | E114: ='Zehnder Charl. Tabelle'!F$3 -> 400 | F114: ='Zehnder Charl. Tabelle'!G$3 -> 450 | G114: ='Zehnder Charl. Tabelle'!H$3 -> 500 | H114: ='Zehnder Charl. Tabelle'!I$3 -> 550 | I114: ='Zehnder Charl. Tabelle'!J$3 -> 600 | ... U114: ='Zehnder Charl. Tabelle'!V$3 -> 3000
A115: Arbonia | B115: ='Arbonia Tabelle'!E7 -> 53 | C115: ='Arbonia Tabelle'!F7 -> 62 | D115: ='Arbonia Tabelle'!G7 -> 72 | E115: ='Arbonia Tabelle'!H7 -> 81 | F115: ='Arbonia Tabelle'!I7 -> 90 | G115: ='Arbonia Tabelle'!J7 -> 99 | H115: ='Arbonia Tabelle'!K7 -> 108 | I115: ='Arbonia Tabelle'!L7 -> 117 | ... U115: ='Arbonia Tabelle'!X7 -> 474
A116: Arbonia Formel | B116: =0.1578*B114 + 17.294 -> 58.322 | C116: =0.1578*C114 + 17.294 -> 64.634 | D116: =0.1578*D114 + 17.294 -> 72.524 | E116: =0.1578*E114 + 17.294 -> 80.414 | F116: =0.1578*F114 + 17.294 -> 88.304 | G116: =0.1578*G114 + 17.294 -> 96.194 | H116: =0.1578*H114 + 17.294 -> 104.084 | I116: =0.1578*I114 + 17.294 -> 111.974 | ... U116: =0.1578*U114 + 17.294 -> 490.694
A117: Zehnder | B117: ='Zehnder Charl. Tabelle'!C8 -> 53.5 | C117: ='Zehnder Charl. Tabelle'!D8 -> 61.3 | D117: ='Zehnder Charl. Tabelle'!E8 -> 71 | E117: ='Zehnder Charl. Tabelle'!F8 -> 80.5 | F117: ='Zehnder Charl. Tabelle'!G8 -> 89.8 | G117: ='Zehnder Charl. Tabelle'!H8 -> 99 | H117: ='Zehnder Charl. Tabelle'!I8 -> 108 | I117: ='Zehnder Charl. Tabelle'!J8 -> 117 | ... U117: ='Zehnder Charl. Tabelle'!V8 -> 491
A118: Zehnder Formel | B118: =0.1575*B114 + 19.8 -> 60.75 | C118: =0.1575*C114 + 19.8 -> 67.05 | D118: =0.1575*D114 + 19.8 -> 74.925 | E118: =0.1575*E114 + 19.8 -> 82.8 | F118: =0.1575*F114 + 19.8 -> 90.675 | G118: =0.1575*G114 + 19.8 -> 98.55 | H118: =0.1575*H114 + 19.8 -> 106.425 | I118: =0.1575*I114 + 19.8 -> 114.3 | ... U118: =0.1575*U114 + 19.8 -> 492.3
A119: IRSAP | C119: ='IRSAP Tabelle'!D7 -> 60.7 | D119: ='IRSAP Tabelle'!E7 -> 69.6 | E119: ='IRSAP Tabelle'!G7 -> 78.5 | F119: ='IRSAP Tabelle'!H7 -> 87.2 | G119: ='IRSAP Tabelle'!I7 -> 95.8 | H119: ='IRSAP Tabelle'!K7 -> 104.3 | I119: ='IRSAP Tabelle'!M7 -> 112.8 | J119: ='IRSAP Tabelle'!Q7 -> 137.9 | K119: ='IRSAP Tabelle'!V7 -> 162.6 | L119: ='IRSAP Tabelle'!W7 -> 178.9 | N119: ='IRSAP Tabelle'!X7 -> 211.2 | O119: ='IRSAP Tabelle'!Y7 -> 259.1 | P119: ='IRSAP Tabelle'!Z7 -> 306.5 | Q119: ='IRSAP Tabelle'!AA7 -> 337.9 | R119: ='IRSAP Tabelle'!AB7 -> 369.3 | S119: ='IRSAP Tabelle'!AC7 -> 416.2
A120: IRSAP Formel | C120: =0.1621*C114 + 14.609 -> 63.239 | D120: =0.1621*D114 + 14.609 -> 71.344 | E120: =0.1621*E114 + 14.609 -> 79.449 | F120: =0.1621*F114 + 14.609 -> 87.554 | G120: =0.1621*G114 + 14.609 -> 95.659 | H120: =0.1621*H114 + 14.609 -> 103.764 | I120: =0.1621*I114 + 14.609 -> 111.869 | J120: =0.1621*J114 + 14.609 -> 136.184 | ... S120: =0.1621*S114 + 14.609 -> 419.859
A121: Cordivari | C121: ='Cordivari Tabelle'!D7 -> 67.7 | E121: ='Cordivari Tabelle'!E7 -> 87.3 | G121: ='Cordivari Tabelle'!F7 -> 106.2 | H121: ='Cordivari Tabelle'!G7 -> 116.5 | I121: ='Cordivari Tabelle'!I7 -> 124.5 | J121: ='Cordivari Tabelle'!M7 -> 150.9 | L121: ='Cordivari Tabelle'!S7 -> 192.9 | N121: ='Cordivari Tabelle'!T7 -> 224.7 | O121: ='Cordivari Tabelle'!U7 -> 270 | P121: ='Cordivari Tabelle'!W7 -> 312.7 | Q121: ='Cordivari Tabelle'!Y7 -> 339.8 | R121: ='Cordivari Tabelle'!AA7 -> 366 | S121: ='Cordivari Tabelle'!AB7 -> 403.4
A122: Cordivari Formel | C122: =0.1544*C114 + 31.894 -> 78.214 | D122: =0.1544*D114 + 31.894 -> 85.934 | E122: =0.1544*E114 + 31.894 -> 93.654 | F122: =0.1544*F114 + 31.894 -> 101.374 | G122: =0.1544*G114 + 31.894 -> 109.094 | H122: =0.1544*H114 + 31.894 -> 116.814 | I122: =0.1544*I114 + 31.894 -> 124.534 | J122: =0.1544*J114 + 31.894 -> 147.694 | ... S122: =0.1544*S114 + 31.894 -> 417.894
A123: FIR Iron | C123: ='FIR Iron'!D7 -> 66.39 | D123: ='FIR Iron'!E7 -> 75.93 | E123: ='FIR Iron'!G7 -> 85.33 | F123: ='FIR Iron'!I7 -> 94.6 | G123: ='FIR Iron'!J7 -> 103.76 | H123: ='FIR Iron'!K7 -> 112.83 | I123: ='FIR Iron'!M7 -> 121.83 | J123: ='FIR Iron'!O7 -> 148.45 | K123: ='FIR Iron'!Q7 -> 174.65 | L123: ='FIR Iron'!S7 -> 191.95 | M123: ='FIR Iron'!U7 -> 209.16 | N123: ='FIR Iron'!V7 -> 226.29 | O123: ='FIR Iron'!W7 -> 277.41 | P123: ='FIR Iron'!X7 -> 328.35 | Q123: ='FIR Iron'!Y7 -> 362.34 | R123: ='FIR Iron'!Z7 -> 396.42 | S123: ='FIR Iron'!AA7 -> 447.78 | T123: ='FIR Iron'!AB7 -> 499.53 | U123: ='FIR Iron'!AC7 -> 534.3
A124: FIR Iron Formel | C124: =0.173*C114 + 16.889 -> 68.789 | D124: =0.173*D114 + 16.889 -> 77.439 | E124: =0.173*E114 + 16.889 -> 86.089 | F124: =0.173*F114 + 16.889 -> 94.739 | G124: =0.173*G114 + 16.889 -> 103.389 | H124: =0.173*H114 + 16.889 -> 112.039 | I124: =0.173*I114 + 16.889 -> 120.689 | J124: =0.173*J114 + 16.889 -> 146.639 | ... U124: =0.173*U114 + 16.889 -> 535.889
A125: Mittelwert | B125: =AVERAGE(B115,B117,B119,B121,B123) -> 53.25 | C125: =AVERAGE(C115,C117,C119,C121,C123) -> 63.618 | D125: =AVERAGE(D115,D117,D119,D121,D123) -> 72.1325 | E125: =AVERAGE(E115,E117,E119,E121,E123) -> 82.526 | F125: =AVERAGE(F115,F117,F119,F121,F123) -> 90.4 | G125: =AVERAGE(G115,G117,G119,G121,G123) -> 100.752 | H125: =AVERAGE(H115,H117,H119,H121,H123) -> 109.926 | I125: =AVERAGE(I115,I117,I119,I121,I123) -> 118.626 | ... U125: =AVERAGE(U115,U117,U119,U121,U123) -> 499.76667
A126: Mittelwert Formel | B126: =0.1609*B114 + 20.129 -> 61.963 | C126: =0.1609*C114 + 20.129 -> 68.399 | D126: =0.1609*D114 + 20.129 -> 76.444 | E126: =0.1609*E114 + 20.129 -> 84.489 | F126: =0.1609*F114 + 20.129 -> 92.534 | G126: =0.1609*G114 + 20.129 -> 100.579 | H126: =0.1609*H114 + 20.129 -> 108.624 | I126: =0.1609*I114 + 20.129 -> 116.669 | ... U126: =0.1609*U114 + 20.129 -> 502.829
B127: =(B126-B125)/B125 -> 0.16362441 | C127: =(C126-C125)/C125 -> 0.075151687 | D127: =(D126-D125)/D125 -> 0.059771947 | E127: =(E126-E125)/E125 -> 0.023786443 | F127: =(F126-F125)/F125 -> 0.023606195 | G127: =(G126-G125)/G125 -> -0.0017170875 | H127: =(H126-H125)/H125 -> -0.011844332 | I127: =(I126-I125)/I125 -> -0.016497227 | ... U127: =(U126-U125)/U125 -> 0.0061275262
A129: max | B129: =MAX(B115,B117,B119,B121,B123) -> 53.5 | C129: =MAX(C115,C117,C119,C121,C123) -> 67.7 | D129: =MAX(D115,D117,D119,D121,D123) -> 75.93 | E129: =MAX(E115,E117,E119,E121,E123) -> 87.3 | F129: =MAX(F115,F117,F119,F121,F123) -> 94.6 | G129: =MAX(G115,G117,G119,G121,G123) -> 106.2 | H129: =MAX(H115,H117,H119,H121,H123) -> 116.5 | I129: =MAX(I115,I117,I119,I121,I123) -> 124.5 | ... U129: =MAX(U115,U117,U119,U121,U123) -> 534.3
A130: min | B130: =MIN(B115,B117,B119,B121,B123) -> 53 | C130: =MIN(C115,C117,C119,C121,C123) -> 60.7 | D130: =MIN(D115,D117,D119,D121,D123) -> 69.6 | E130: =MIN(E115,E117,E119,E121,E123) -> 78.5 | F130: =MIN(F115,F117,F119,F121,F123) -> 87.2 | G130: =MIN(G115,G117,G119,G121,G123) -> 95.8 | H130: =MIN(H115,H117,H119,H121,H123) -> 104.3 | I130: =MIN(I115,I117,I119,I121,I123) -> 112.8 | ... U130: =MIN(U115,U117,U119,U121,U123) -> 474
B131: =(B129-B130)/B129 -> 0.0093457944 | C131: =(C129-C130)/C129 -> 0.10339734 | D131: =(D129-D130)/D129 -> 0.083366258 | E131: =(E129-E130)/E129 -> 0.10080183 | F131: =(F129-F130)/F129 -> 0.078224101 | G131: =(G129-G130)/G129 -> 0.097928437 | H131: =(H129-H130)/H129 -> 0.10472103 | I131: =(I129-I130)/I129 -> 0.093975904 | ... U131: =(U129-U130)/U129 -> 0.11285794

Sheet Emissionen alle
A1: THGE
B23: Arbonia | C23: Zehnder | E23: Cordivari | G23: Mittelwert
A24: 2-Säule | B24: y = 0.0016x + 0.0868 | C24: y = 0.0016x + 0.0148 | E24: y = 0.0017x + 0.0548 | G24: y = 0.0016x + 0.0569 | I24: Cordivari | K24: Arbonia | M24: Zehnder | X24: Arbonia (Prolux, Kermi, etc.) | Y24: Zehnder | Z24: IRSAP (IT) | AA24: Cordivari (IT) | AB24: Fir Iron (IT)
I25: 66 | K25: 65 | M25: 62
A26: 3-Säule | B26: y = 0.0023x + 0.1434 | C26: y = 0.0024x + 0.0206 | E26: y = 0.0025x + 0.0946 | G26: y = 0.0024x + 0.0988 | I26: Cordivari | K26: Arbonia | M26: Zehnder | X26: 65 | Y26: 62 | Z26: 65 | AA26: 66 | AB26: 63
I27: 107 | K27: 105 | M27: 100
A28: 4-Säule | B28: y = 0.0031x + 0.1839 | C28: y = 0.0032x + 0.0739 | E28: y = 0.0034x + 0.1412 | G28: y = 0.0032x + 0.1482 | X28: 105 | Y28: 100 | Z28: 101 | AA28: 107 | AB28: 101
A30: 5-Säule | B30: y = 0.0039x + 0.2803 | C30: y = 0.0041x + 0.0735 | E30: y = 0.0042x + 0.1701 | G30: y = 0.004x + 0.1919 | X30: 145 | Y30: 136 | Z30: 139 | AA30: 148 | AB30: 139
A32: 6-Säule | B32: y = 0.0047x + 0.3345 | C32: y = 0.0049x + 0.149 | E32: y = 0.005x + 0.2186 | G32: y = 0.0048x + 0.2597 | X32: 185 | Y32: 173 | Z32: 177 | AA32: 189 | AB32: 177
X33: 225 | Y33: 210 | Z33: 215 | AA33: 230 | AB33: 215
A37: 2-Säule | B37: ='Zehnder Charl. Tabelle'!C$3 -> 260 | C37: ='Zehnder Charl. Tabelle'!D$3 -> 300 | D37: ='Zehnder Charl. Tabelle'!E$3 -> 350 | E37: ='Zehnder Charl. Tabelle'!F$3 -> 400 | F37: ='Zehnder Charl. Tabelle'!G$3 -> 450 | G37: ='Zehnder Charl. Tabelle'!H$3 -> 500 | H37: ='Zehnder Charl. Tabelle'!I$3 -> 550 | I37: ='Zehnder Charl. Tabelle'!J$3 -> 600 | ... U37: ='Zehnder Charl. Tabelle'!V$3 -> 3000
A38: Arbonia | B38: ='Arbonia Tabelle'!E75 -> 0.478296 | C38: ='Arbonia Tabelle'!F75 -> 0.55772 | D38: ='Arbonia Tabelle'!G75 -> 0.644444 | E38: ='Arbonia Tabelle'!H75 -> 0.731168 | F38: ='Arbonia Tabelle'!I75 -> 0.774968 | G38: ='Arbonia Tabelle'!J75 -> 0.861692 | H38: ='Arbonia Tabelle'!K75 -> 0.948416 | I38: ='Arbonia Tabelle'!L75 -> 1.03514 | ... U38: ='Arbonia Tabelle'!X75 -> 4.797852
A39: Arbonia Formel | B39: =0.0016*B37 + 0.0868 -> 0.5028 | C39: =0.0016*C37 + 0.0868 -> 0.5668 | D39: =0.0016*D37 + 0.0868 -> 0.6468 | E39: =0.0016*E37 + 0.0868 -> 0.7268 | F39: =0.0016*F37 + 0.0868 -> 0.8068 | G39: =0.0016*G37 + 0.0868 -> 0.8868 | H39: =0.0016*H37 + 0.0868 -> 0.9668 | I39: =0.0016*I37 + 0.0868 -> 1.0468 | ... U39: =0.0016*U37 + 0.0868 -> 4.8868
A40: Zehnder | B40: ='Zehnder Charl. Tabelle'!C85 -> 0.463696 | C40: ='Zehnder Charl. Tabelle'!D85 -> 0.492896 | D40: ='Zehnder Charl. Tabelle'!E85 -> 0.58692 | E40: ='Zehnder Charl. Tabelle'!F85 -> 0.659044 | F40: ='Zehnder Charl. Tabelle'!G85 -> 0.753068 | G40: ='Zehnder Charl. Tabelle'!H85 -> 0.804168 | H40: ='Zehnder Charl. Tabelle'!I85 -> 0.890892 | I40: ='Zehnder Charl. Tabelle'!J85 -> 0.984916 | ... U40: ='Zehnder Charl. Tabelle'!V85 -> 4.915528
A41: Zehnder Formel | B41: =0.0016*B37 + 0.0148 -> 0.4308 | C41: =0.0016*C37 + 0.0148 -> 0.4948 | D41: =0.0016*D37 + 0.0148 -> 0.5748 | E41: =0.0016*E37 + 0.0148 -> 0.6548 | F41: =0.0016*F37 + 0.0148 -> 0.7348 | G41: =0.0016*G37 + 0.0148 -> 0.8148 | H41: =0.0016*H37 + 0.0148 -> 0.8948 | I41: =0.0016*I37 + 0.0148 -> 0.9748 | ... U41: =0.0016*U37 + 0.0148 -> 4.8148
A42: IRSAP
A43: IRSAP Formel
A44: Cordivari | C44: ='Cordivari Tabelle'!D75 -> 0.57232 | E44: ='Cordivari Tabelle'!E75 -> 0.717444 | G44: ='Cordivari Tabelle'!F75 -> 0.905492 | H44: ='Cordivari Tabelle'!G75 -> 1.006816 | I44: ='Cordivari Tabelle'!I75 -> 1.050616 | J44: ='Cordivari Tabelle'!M75 -> 1.332688 | L44: ='Cordivari Tabelle'!S75 -> 1.72426 | N44: ='Cordivari Tabelle'!T75 -> 2.057432 | O44: ='Cordivari Tabelle'!U75 -> 2.578652 | P44: ='Cordivari Tabelle'!W75 -> 3.099872 | Q44: ='Cordivari Tabelle'!Y75 -> 3.440344 | R44: ='Cordivari Tabelle'!AA75 -> 3.773516 | S44: ='Cordivari Tabelle'!AB75 -> 4.251812
A45: Cordivari Formel | C45: =0.0017*C37 + 0.0548 -> 0.5648 | D45: =0.0017*D37 + 0.0548 -> 0.6498 | E45: =0.0017*E37 + 0.0548 -> 0.7348 | F45: =0.0017*F37 + 0.0548 -> 0.8198 | G45: =0.0017*G37 + 0.0548 -> 0.9048 | H45: =0.0017*H37 + 0.0548 -> 0.9898 | I45: =0.0017*I37 + 0.0548 -> 1.0748 | J45: =0.0017*J37 + 0.0548 -> 1.3298 | ... S45: =0.0017*S37 + 0.0548 -> 4.3048
A46: FIR Iron
A47: FIR Iron Formel
A48: Mittelwert | B48: =AVERAGE(B38,B40,B42,B44,B46) -> 0.470996 | C48: =AVERAGE(C38,C40,C42,C44,C46) -> 0.54097867 | D48: =AVERAGE(D38,D40,D42,D44,D46) -> 0.615682 | E48: =AVERAGE(E38,E40,E42,E44,E46) -> 0.702552 | F48: =AVERAGE(F38,F40,F42,F44,F46) -> 0.764018 | G48: =AVERAGE(G38,G40,G42,G44,G46) -> 0.85711733 | H48: =AVERAGE(H38,H40,H42,H44,H46) -> 0.948708 | I48: =AVERAGE(I38,I40,I42,I44,I46) -> 1.0235573 | ... U48: =AVERAGE(U38,U40,U42,U44,U46) -> 4.85669
A49: Mittelwert Formel | B49: =0.0016*B37 + 0.0569 -> 0.4729 | C49: =0.0016*C37 + 0.0569 -> 0.5369 | D49: =0.0016*D37 + 0.0569 -> 0.6169 | E49: =0.0016*E37 + 0.0569 -> 0.6969 | F49: =0.0016*F37 + 0.0569 -> 0.7769 | G49: =0.0016*G37 + 0.0569 -> 0.8569 | H49: =0.0016*H37 + 0.0569 -> 0.9369 | I49: =0.0016*I37 + 0.0569 -> 1.0169 | ... U49: =0.0016*U37 + 0.0569 -> 4.8569
B50: =(B49-B48)/B48 -> 0.0040424972 | C50: =(C49-C48)/C48 -> -0.0075394224 | D50: =(D49-D48)/D48 -> 0.001978294 | E50: =(E49-E48)/E48 -> -0.0080449561 | F50: =(F49-F48)/F48 -> 0.016860859 | G50: =(G49-G48)/G48 -> -0.00025356311 | H50: =(H49-H48)/H48 -> -0.012446401 | I50: =(I49-I48)/I48 -> -0.0065041138 | ... U50: =(U49-U48)/U48 -> 4.3239326e-05
A52: max | B52: =MAX(B38,B40,B42,B44,B46) -> 0.478296 | C52: =MAX(C38,C40,C42,C44,C46) -> 0.57232 | D52: =MAX(D38,D40,D42,D44,D46) -> 0.644444 | E52: =MAX(E38,E40,E42,E44,E46) -> 0.731168 | F52: =MAX(F38,F40,F42,F44,F46) -> 0.774968 | G52: =MAX(G38,G40,G42,G44,G46) -> 0.905492 | H52: =MAX(H38,H40,H42,H44,H46) -> 1.006816 | I52: =MAX(I38,I40,I42,I44,I46) -> 1.050616 | ... U52: =MAX(U38,U40,U42,U44,U46) -> 4.915528
A53: min | B53: =MIN(B38,B40,B42,B44,B46) -> 0.463696 | C53: =MIN(C38,C40,C42,C44,C46) -> 0.492896 | D53: =MIN(D38,D40,D42,D44,D46) -> 0.58692 | E53: =MIN(E38,E40,E42,E44,E46) -> 0.659044 | F53: =MIN(F38,F40,F42,F44,F46) -> 0.753068 | G53: =MIN(G38,G40,G42,G44,G46) -> 0.804168 | H53: =MIN(H38,H40,H42,H44,H46) -> 0.890892 | I53: =MIN(I38,I40,I42,I44,I46) -> 0.984916 | ... U53: =MIN(U38,U40,U42,U44,U46) -> 4.797852
B54: =(B52-B53)/B52 -> 0.030525031 | C54: =(C52-C53)/C52 -> 0.13877551 | D54: =(D52-D53)/D52 -> 0.089261441 | E54: =(E52-E53)/E52 -> 0.098642173 | F54: =(F52-F53)/F52 -> 0.028259231 | G54: =(G52-G53)/G52 -> 0.11189939 | H54: =(H52-H53)/H52 -> 0.11513921 | I54: =(I52-I53)/I52 -> 0.062534742 | ... U54: =(U52-U53)/U52 -> 0.023939646
A55: 0.1
A57: 3-Säule | B57: ='Zehnder Charl. Tabelle'!C$3 -> 260 | C57: ='Zehnder Charl. Tabelle'!D$3 -> 300 | D57: ='Zehnder Charl. Tabelle'!E$3 -> 350 | E57: ='Zehnder Charl. Tabelle'!F$3 -> 400 | F57: ='Zehnder Charl. Tabelle'!G$3 -> 450 | G57: ='Zehnder Charl. Tabelle'!H$3 -> 500 | H57: ='Zehnder Charl. Tabelle'!I$3 -> 550 | I57: ='Zehnder Charl. Tabelle'!J$3 -> 600 | ... U57: ='Zehnder Charl. Tabelle'!V$3 -> 3000
A58: Arbonia | B58: ='Arbonia Tabelle'!E76 -> 0.760368 | C58: ='Arbonia Tabelle'!F76 -> 0.854392 | D58: ='Arbonia Tabelle'!G76 -> 0.963016 | E58: ='Arbonia Tabelle'!H76 -> 1.07164 | F58: ='Arbonia Tabelle'!I76 -> 1.180264 | G58: ='Arbonia Tabelle'!J76 -> 1.288888 | H58: ='Arbonia Tabelle'!K76 -> 1.447736 | I58: ='Arbonia Tabelle'!L76 -> 1.55636 | ... U58: ='Arbonia Tabelle'!X76 -> 7.150204
A59: Arbonia Formel | B59: =0.0023*B57 + 0.1434 -> 0.7414 | C59: =0.0023*C57 + 0.1434 -> 0.8334 | D59: =0.0023*D57 + 0.1434 -> 0.9484 | E59: =0.0023*E57 + 0.1434 -> 1.0634 | F59: =0.0023*F57 + 0.1434 -> 1.1784 | G59: =0.0023*G57 + 0.1434 -> 1.2934 | H59: =0.0023*H57 + 0.1434 -> 1.4084 | I59: =0.0023*I57 + 0.1434 -> 1.5234 | ... U59: =0.0023*U57 + 0.1434 -> 7.0434
A60: Zehnder | B60: ='Zehnder Charl. Tabelle'!C86 -> 0.666344 | C60: ='Zehnder Charl. Tabelle'!D86 -> 0.760368 | D60: ='Zehnder Charl. Tabelle'!E86 -> 0.876292 | E60: ='Zehnder Charl. Tabelle'!F86 -> 0.992216 | F60: ='Zehnder Charl. Tabelle'!G86 -> 1.10814 | G60: ='Zehnder Charl. Tabelle'!H86 -> 1.224064 | H60: ='Zehnder Charl. Tabelle'!I86 -> 1.339988 | I60: ='Zehnder Charl. Tabelle'!J86 -> 1.498836 | ... U60: ='Zehnder Charl. Tabelle'!V86 -> 7.33358
A61: Zehnder Formel | B61: =0.0024*B57 + 0.0206 -> 0.6446 | C61: =0.0024*C57 + 0.0206 -> 0.7406 | D61: =0.0024*D57 + 0.0206 -> 0.8606 | E61: =0.0024*E57 + 0.0206 -> 0.9806 | F61: =0.0024*F57 + 0.0206 -> 1.1006 | G61: =0.0024*G57 + 0.0206 -> 1.2206 | H61: =0.0024*H57 + 0.0206 -> 1.3406 | I61: =0.0024*I57 + 0.0206 -> 1.4606 | ... U61: =0.0024*U57 + 0.0206 -> 7.2206
A62: IRSAP
A63: IRSAP Formel
A64: Cordivari | C64: ='Cordivari Tabelle'!D76 -> 0.840668 | E64: ='Cordivari Tabelle'!E76 -> 1.12274 | G64: ='Cordivari Tabelle'!F76 -> 1.361888 | H64: ='Cordivari Tabelle'!G76 -> 1.492412 | I64: ='Cordivari Tabelle'!I76 -> 1.601036 | J64: ='Cordivari Tabelle'!M76 -> 2.006332 | L64: ='Cordivari Tabelle'!S76 -> 2.607852 | N64: ='Cordivari Tabelle'!T76 -> 3.129072 | O64: ='Cordivari Tabelle'!U76 -> 3.89674 | P64: ='Cordivari Tabelle'!W76 -> 4.614184 | Q64: ='Cordivari Tabelle'!Y76 -> 5.135404 | R64: ='Cordivari Tabelle'!AA76 -> 5.621 | S64: ='Cordivari Tabelle'!AB76 -> 6.381368
A65: Cordivari Formel | C65: =0.0025*C57 + 0.0946 -> 0.8446 | D65: =0.0025*D57 + 0.0946 -> 0.9696 | E65: =0.0025*E57 + 0.0946 -> 1.0946 | F65: =0.0025*F57 + 0.0946 -> 1.2196 | G65: =0.0025*G57 + 0.0946 -> 1.3446 | H65: =0.0025*H57 + 0.0946 -> 1.4696 | I65: =0.0025*I57 + 0.0946 -> 1.5946 | J65: =0.0025*J57 + 0.0946 -> 1.9696 | ... S65: =0.0025*S57 + 0.0946 -> 6.3446
A66: FIR Iron
A67: FIR Iron Formel
A68: Mittelwert | B68: =AVERAGE(B58,B60,B62,B64,B66) -> 0.713356 | C68: =AVERAGE(C58,C60,C62,C64,C66) -> 0.818476 | D68: =AVERAGE(D58,D60,D62,D64,D66) -> 0.919654 | E68: =AVERAGE(E58,E60,E62,E64,E66) -> 1.0621987 | F68: =AVERAGE(F58,F60,F62,F64,F66) -> 1.144202 | G68: =AVERAGE(G58,G60,G62,G64,G66) -> 1.2916133 | H68: =AVERAGE(H58,H60,H62,H64,H66) -> 1.426712 | I68: =AVERAGE(I58,I60,I62,I64,I66) -> 1.5520773 | ... U68: =AVERAGE(U58,U60,U62,U64,U66) -> 7.241892
A69: Mittelwert Formel | B69: =0.0024*B57 + 0.0988 -> 0.7228 | C69: =0.0024*C57 + 0.0988 -> 0.8188 | D69: =0.0024*D57 + 0.0988 -> 0.9388 | E69: =0.0024*E57 + 0.0988 -> 1.0588 | F69: =0.0024*F57 + 0.0988 -> 1.1788 | G69: =0.0024*G57 + 0.0988 -> 1.2988 | H69: =0.0024*H57 + 0.0988 -> 1.4188 | I69: =0.0024*I57 + 0.0988 -> 1.5388 | ... U69: =0.0024*U57 + 0.0988 -> 7.2988
B70: =(B69-B68)/B68 -> 0.013238832 | C70: =(C69-C68)/C68 -> 0.00039585767 | D70: =(D69-D68)/D68 -> 0.020818699 | E70: =(E69-E68)/E68 -> -0.0031996525 | F70: =(F69-F68)/F68 -> 0.030237668 | G70: =(G69-G68)/G68 -> 0.0055641007 | H70: =(H69-H68)/H68 -> -0.0055456182 | I70: =(I69-I68)/I68 -> -0.0085545566 | ... U70: =(U69-U68)/U68 -> 0.0078581675
A72: max | B72: =MAX(B58,B60,B62,B64,B66) -> 0.760368 | C72: =MAX(C58,C60,C62,C64,C66) -> 0.854392 | D72: =MAX(D58,D60,D62,D64,D66) -> 0.963016 | E72: =MAX(E58,E60,E62,E64,E66) -> 1.12274 | F72: =MAX(F58,F60,F62,F64,F66) -> 1.180264 | G72: =MAX(G58,G60,G62,G64,G66) -> 1.361888 | H72: =MAX(H58,H60,H62,H64,H66) -> 1.492412 | I72: =MAX(I58,I60,I62,I64,I66) -> 1.601036 | ... U72: =MAX(U58,U60,U62,U64,U66) -> 7.33358
A73: min | B73: =MIN(B58,B60,B62,B64,B66) -> 0.666344 | C73: =MIN(C58,C60,C62,C64,C66) -> 0.760368 | D73: =MIN(D58,D60,D62,D64,D66) -> 0.876292 | E73: =MIN(E58,E60,E62,E64,E66) -> 0.992216 | F73: =MIN(F58,F60,F62,F64,F66) -> 1.10814 | G73: =MIN(G58,G60,G62,G64,G66) -> 1.224064 | H73: =MIN(H58,H60,H62,H64,H66) -> 1.339988 | I73: =MIN(I58,I60,I62,I64,I66) -> 1.498836 | ... U73: =MIN(U58,U60,U62,U64,U66) -> 7.150204
B74: =(B72-B73)/B72 -> 0.12365591 | C74: =(C72-C73)/C72 -> 0.11004785 | D74: =(D72-D73)/D72 -> 0.090054579 | E74: =(E72-E73)/E72 -> 0.11625488 | F74: =(F72-F73)/F72 -> 0.061108362 | G74: =(G72-G73)/G72 -> 0.10120069 | H74: =(H72-H73)/H72 -> 0.10213266 | I74: =(I72-I73)/I72 -> 0.063833668 | ... U74: =(U72-U73)/U72 -> 0.025004977
A76: 4-Säule | B76: ='Zehnder Charl. Tabelle'!C$3 -> 260 | C76: ='Zehnder Charl. Tabelle'!D$3 -> 300 | D76: ='Zehnder Charl. Tabelle'!E$3 -> 350 | E76: ='Zehnder Charl. Tabelle'!F$3 -> 400 | F76: ='Zehnder Charl. Tabelle'!G$3 -> 450 | G76: ='Zehnder Charl. Tabelle'!H$3 -> 500 | H76: ='Zehnder Charl. Tabelle'!I$3 -> 550 | I76: ='Zehnder Charl. Tabelle'!J$3 -> 600 | ... U76: ='Zehnder Charl. Tabelle'!V$3 -> 3000
A77: Arbonia | B77: ='Arbonia Tabelle'!E77 -> 0.999516 | C77: ='Arbonia Tabelle'!F77 -> 1.10814 | D77: ='Arbonia Tabelle'!G77 -> 1.288888 | E77: ='Arbonia Tabelle'!H77 -> 1.419412 | F77: ='Arbonia Tabelle'!I77 -> 1.59286 | G77: ='Arbonia Tabelle'!J77 -> 1.766308 | H77: ='Arbonia Tabelle'!K77 -> 1.896832 | I77: ='Arbonia Tabelle'!L77 -> 2.07028 | ... U77: ='Arbonia Tabelle'!X77 -> 9.54548
A78: Arbonia Formel | B78: =0.0031*B76 + 0.1839 -> 0.9899 | C78: =0.0031*C76 + 0.1839 -> 1.1139 | D78: =0.0031*D76 + 0.1839 -> 1.2689 | E78: =0.0031*E76 + 0.1839 -> 1.4239 | F78: =0.0031*F76 + 0.1839 -> 1.5789 | G78: =0.0031*G76 + 0.1839 -> 1.7339 | H78: =0.0031*H76 + 0.1839 -> 1.8889 | I78: =0.0031*I76 + 0.1839 -> 2.0439 | ... U78: =0.0031*U76 + 0.1839 -> 9.4839
A79: Zehnder | B79: ='Zehnder Charl. Tabelle'!C87 -> 0.905492 | C79: ='Zehnder Charl. Tabelle'!D87 -> 1.028716 | D79: ='Zehnder Charl. Tabelle'!E87 -> 1.209464 | E79: ='Zehnder Charl. Tabelle'!F87 -> 1.361888 | F79: ='Zehnder Charl. Tabelle'!G87 -> 1.542636 | G79: ='Zehnder Charl. Tabelle'!H87 -> 1.68046 | H79: ='Zehnder Charl. Tabelle'!I87 -> 1.861208 | I79: ='Zehnder Charl. Tabelle'!J87 -> 2.034656 | ... U79: ='Zehnder Charl. Tabelle'!V87 -> 9.765356
A80: Zehnder Formel | B80: =0.0032*B76 + 0.0739 -> 0.9059 | C80: =0.0032*C76 + 0.0739 -> 1.0339 | D80: =0.0032*D76 + 0.0739 -> 1.1939 | E80: =0.0032*E76 + 0.0739 -> 1.3539 | F80: =0.0032*F76 + 0.0739 -> 1.5139 | G80: =0.0032*G76 + 0.0739 -> 1.6739 | H80: =0.0032*H76 + 0.0739 -> 1.8339 | I80: =0.0032*I76 + 0.0739 -> 1.9939 | ... U80: =0.0032*U76 + 0.0739 -> 9.6739
A81: IRSAP
A82: IRSAP Formel
A83: Cordivari | C83: ='Cordivari Tabelle'!D77 -> 1.15194 | E83: ='Cordivari Tabelle'!E77 -> 1.485112 | G83: ='Cordivari Tabelle'!F77 -> 1.818284 | H83: ='Cordivari Tabelle'!G77 -> 2.020932 | I83: ='Cordivari Tabelle'!I77 -> 2.158756 | J83: ='Cordivari Tabelle'!M77 -> 2.637052 | L83: ='Cordivari Tabelle'!S77 -> 3.491444 | N83: ='Cordivari Tabelle'!T77 -> 4.165088 | O83: ='Cordivari Tabelle'!U77 -> 5.164604 | P83: ='Cordivari Tabelle'!W77 -> 6.17142 | Q83: ='Cordivari Tabelle'!Y77 -> 6.837764 | R83: ='Cordivari Tabelle'!AA77 -> 7.511408 | S83: ='Cordivari Tabelle'!AB77 -> 8.510924
A84: Cordivari Formel | C84: =0.0034*C76 + 0.1412 -> 1.1612 | D84: =0.0034*D76 + 0.1412 -> 1.3312 | E84: =0.0034*E76 + 0.1412 -> 1.5012 | F84: =0.0034*F76 + 0.1412 -> 1.6712 | G84: =0.0034*G76 + 0.1412 -> 1.8412 | H84: =0.0034*H76 + 0.1412 -> 2.0112 | I84: =0.0034*I76 + 0.1412 -> 2.1812 | J84: =0.0034*J76 + 0.1412 -> 2.6912 | ... S84: =0.0034*S76 + 0.1412 -> 8.6412
A85: FIR Iron
A86: FIR Iron Formel
A87: Mittelwert | B87: =AVERAGE(B77,B79,B81,B83,B85) -> 0.952504 | C87: =AVERAGE(C77,C79,C81,C83,C85) -> 1.0962653 | D87: =AVERAGE(D77,D79,D81,D83,D85) -> 1.249176 | E87: =AVERAGE(E77,E79,E81,E83,E85) -> 1.4221373 | F87: =AVERAGE(F77,F79,F81,F83,F85) -> 1.567748 | G87: =AVERAGE(G77,G79,G81,G83,G85) -> 1.7550173 | H87: =AVERAGE(H77,H79,H81,H83,H85) -> 1.926324 | I87: =AVERAGE(I77,I79,I81,I83,I85) -> 2.0878973 | ... U87: =AVERAGE(U77,U79,U81,U83,U85) -> 9.655418
A88: Mittelwert Formel | B88: =0.0032*B76 + 0.1482 -> 0.9802 | C88: =0.0032*C76 + 0.1482 -> 1.1082 | D88: =0.0032*D76 + 0.1482 -> 1.2682 | E88: =0.0032*E76 + 0.1482 -> 1.4282 | F88: =0.0032*F76 + 0.1482 -> 1.5882 | G88: =0.0032*G76 + 0.1482 -> 1.7482 | H88: =0.0032*H76 + 0.1482 -> 1.9082 | I88: =0.0032*I76 + 0.1482 -> 2.0682 | ... U88: =0.0032*U76 + 0.1482 -> 9.7482
B89: =(B88-B87)/B87 -> 0.029077043 | C89: =(C88-C87)/C87 -> 0.010886659 | D89: =(D88-D87)/D87 -> 0.015229239 | E89: =(E88-E87)/E87 -> 0.004263067 | F89: =(F88-F87)/F87 -> 0.013045464 | G89: =(G88-G87)/G87 -> -0.0038844821 | H89: =(H88-H87)/H87 -> -0.0094085938 | I89: =(I88-I87)/I87 -> -0.0094340526 | ... U89: =(U88-U87)/U87 -> 0.0096093199
A91: max | B91: =MAX(B77,B79,B81,B83,B85) -> 0.999516 | C91: =MAX(C77,C79,C81,C83,C85) -> 1.15194 | D91: =MAX(D77,D79,D81,D83,D85) -> 1.288888 | E91: =MAX(E77,E79,E81,E83,E85) -> 1.485112 | F91: =MAX(F77,F79,F81,F83,F85) -> 1.59286 | G91: =MAX(G77,G79,G81,G83,G85) -> 1.818284 | H91: =MAX(H77,H79,H81,H83,H85) -> 2.020932 | I91: =MAX(I77,I79,I81,I83,I85) -> 2.158756 | ... U91: =MAX(U77,U79,U81,U83,U85) -> 9.765356
A92: min | B92: =MIN(B77,B79,B81,B83,B85) -> 0.905492 | C92: =MIN(C77,C79,C81,C83,C85) -> 1.028716 | D92: =MIN(D77,D79,D81,D83,D85) -> 1.209464 | E92: =MIN(E77,E79,E81,E83,E85) -> 1.361888 | F92: =MIN(F77,F79,F81,F83,F85) -> 1.542636 | G92: =MIN(G77,G79,G81,G83,G85) -> 1.68046 | H92: =MIN(H77,H79,H81,H83,H85) -> 1.861208 | I92: =MIN(I77,I79,I81,I83,I85) -> 2.034656 | ... U92: =MIN(U77,U79,U81,U83,U85) -> 9.54548
B93: =(B91-B92)/B91 -> 0.09406953 | C93: =(C91-C92)/C91 -> 0.10697085 | D93: =(D91-D92)/D91 -> 0.061622111 | E93: =(E91-E92)/E91 -> 0.082972867 | F93: =(F91-F92)/F91 -> 0.031530706 | G93: =(G91-G92)/G91 -> 0.07579894 | H93: =(H91-H92)/H91 -> 0.079034822 | I93: =(I91-I92)/I91 -> 0.057486812 | ... U93: =(U91-U92)/U91 -> 0.022515923
A95: 5-Säule | B95: ='Zehnder Charl. Tabelle'!C$3 -> 260 | C95: ='Zehnder Charl. Tabelle'!D$3 -> 300 | D95: ='Zehnder Charl. Tabelle'!E$3 -> 350 | E95: ='Zehnder Charl. Tabelle'!F$3 -> 400 | F95: ='Zehnder Charl. Tabelle'!G$3 -> 450 | G95: ='Zehnder Charl. Tabelle'!H$3 -> 500 | H95: ='Zehnder Charl. Tabelle'!I$3 -> 550 | I95: ='Zehnder Charl. Tabelle'!J$3 -> 600 | ... U95: ='Zehnder Charl. Tabelle'!V$3 -> 3000
A96: Arbonia | B96: ='Arbonia Tabelle'!E78 -> 1.282464 | C96: ='Arbonia Tabelle'!F78 -> 1.455912 | D96: ='Arbonia Tabelle'!G78 -> 1.65126 | E96: ='Arbonia Tabelle'!H78 -> 1.846608 | F96: ='Arbonia Tabelle'!I78 -> 2.041956 | G96: ='Arbonia Tabelle'!J78 -> 2.237304 | H96: ='Arbonia Tabelle'!K78 -> 2.439952 | I96: ='Arbonia Tabelle'!L78 -> 2.6353 | ... U96: ='Arbonia Tabelle'!X78 -> 11.984556
A97: Arbonia Formel | B97: =0.0039*B95 + 0.2803 -> 1.2943 | C97: =0.0039*C95 + 0.2803 -> 1.4503 | D97: =0.0039*D95 + 0.2803 -> 1.6453 | E97: =0.0039*E95 + 0.2803 -> 1.8403 | F97: =0.0039*F95 + 0.2803 -> 2.0353 | G97: =0.0039*G95 + 0.2803 -> 2.2303 | H97: =0.0039*H95 + 0.2803 -> 2.4253 | I97: =0.0039*I95 + 0.2803 -> 2.6203 | ... U97: =0.0039*U95 + 0.2803 -> 11.9803
A98: Zehnder | B98: ='Zehnder Charl. Tabelle'!C88 -> 1.07164 | C98: ='Zehnder Charl. Tabelle'!D88 -> 1.252388 | D98: ='Zehnder Charl. Tabelle'!E88 -> 1.419412 | E98: ='Zehnder Charl. Tabelle'!F88 -> 1.74616 | F98: ='Zehnder Charl. Tabelle'!G88 -> 1.948808 | G98: ='Zehnder Charl. Tabelle'!H88 -> 2.151456 | H98: ='Zehnder Charl. Tabelle'!I88 -> 2.31848 | I98: ='Zehnder Charl. Tabelle'!J88 -> 2.564052 | ... U98: ='Zehnder Charl. Tabelle'!V88 -> 12.365032
A99: Zehnder Formel | B99: =0.0041*B95 + 0.0735 -> 1.1395 | C99: =0.0041*C95 + 0.0735 -> 1.3035 | D99: =0.0041*D95 + 0.0735 -> 1.5085 | E99: =0.0041*E95 + 0.0735 -> 1.7135 | F99: =0.0041*F95 + 0.0735 -> 1.9185 | G99: =0.0041*G95 + 0.0735 -> 2.1235 | H99: =0.0041*H95 + 0.0735 -> 2.3285 | I99: =0.0041*I95 + 0.0735 -> 2.5335 | ... U99: =0.0041*U95 + 0.0735 -> 12.3735
A100: IRSAP
A101: IRSAP Formel
A102: Cordivari | C102: ='Cordivari Tabelle'!D78 -> 1.420288 | E102: ='Cordivari Tabelle'!E78 -> 1.847484 | G102: ='Cordivari Tabelle'!F78 -> 2.28198 | H102: ='Cordivari Tabelle'!G78 -> 2.506528 | I102: ='Cordivari Tabelle'!I78 -> 2.709176 | J102: ='Cordivari Tabelle'!M78 -> 3.310696 | L102: ='Cordivari Tabelle'!S78 -> 4.382336 | N102: ='Cordivari Tabelle'!T78 -> 5.193804 | O102: ='Cordivari Tabelle'!U78 -> 6.482692 | P102: ='Cordivari Tabelle'!W78 -> 7.728656 | Q102: ='Cordivari Tabelle'!Y78 -> 8.583048 | R102: ='Cordivari Tabelle'!AA78 -> 9.401816 | S102: ='Cordivari Tabelle'!AB78 -> 10.64778
A103: Cordivari Formel | C103: =0.0042*C95 + 0.1701 -> 1.4301 | D103: =0.0042*D95 + 0.1701 -> 1.6401 | E103: =0.0042*E95 + 0.1701 -> 1.8501 | F103: =0.0042*F95 + 0.1701 -> 2.0601 | G103: =0.0042*G95 + 0.1701 -> 2.2701 | H103: =0.0042*H95 + 0.1701 -> 2.4801 | I103: =0.0042*I95 + 0.1701 -> 2.6901 | J103: =0.0042*J95 + 0.1701 -> 3.3201 | ... S103: =0.0042*S95 + 0.1701 -> 10.6701
A104: FIR Iron
A105: FIR Iron Formel
A106: Mittelwert | B106: =AVERAGE(B96,B98,B100,B102,B104) -> 1.177052 | C106: =AVERAGE(C96,C98,C100,C102,C104) -> 1.376196 | D106: =AVERAGE(D96,D98,D100,D102,D104) -> 1.535336 | E106: =AVERAGE(E96,E98,E100,E102,E104) -> 1.8134173 | F106: =AVERAGE(F96,F98,F100,F102,F104) -> 1.995382 | G106: =AVERAGE(G96,G98,G100,G102,G104) -> 2.22358 | H106: =AVERAGE(H96,H98,H100,H102,H104) -> 2.4216533 | I106: =AVERAGE(I96,I98,I100,I102,I104) -> 2.636176 | ... U106: =AVERAGE(U96,U98,U100,U102,U104) -> 12.174794
A107: Mittelwert Formel | B107: =0.004*B95 + 0.1919 -> 1.2319 | C107: =0.004*C95 + 0.1919 -> 1.3919 | D107: =0.004*D95 + 0.1919 -> 1.5919 | E107: =0.004*E95 + 0.1919 -> 1.7919 | F107: =0.004*F95 + 0.1919 -> 1.9919 | G107: =0.004*G95 + 0.1919 -> 2.1919 | H107: =0.004*H95 + 0.1919 -> 2.3919 | I107: =0.004*I95 + 0.1919 -> 2.5919 | ... U107: =0.004*U95 + 0.1919 -> 12.1919
B108: =(B107-B106)/B106 -> 0.046597771 | C108: =(C107-C106)/C106 -> 0.011411165 | D108: =(D107-D106)/D106 -> 0.036841447 | E108: =(E107-E106)/E106 -> -0.011865627 | F108: =(F107-F106)/F106 -> -0.0017450293 | G108: =(G107-G106)/G106 -> -0.014247295 | H108: =(H107-H106)/H106 -> -0.012286372 | I108: =(I107-I106)/I106 -> -0.01679554 | ... U108: =(U107-U106)/U106 -> 0.001405034
A110: max | B110: =MAX(B96,B98,B100,B102,B104) -> 1.282464 | C110: =MAX(C96,C98,C100,C102,C104) -> 1.455912 | D110: =MAX(D96,D98,D100,D102,D104) -> 1.65126 | E110: =MAX(E96,E98,E100,E102,E104) -> 1.847484 | F110: =MAX(F96,F98,F100,F102,F104) -> 2.041956 | G110: =MAX(G96,G98,G100,G102,G104) -> 2.28198 | H110: =MAX(H96,H98,H100,H102,H104) -> 2.506528 | I110: =MAX(I96,I98,I100,I102,I104) -> 2.709176 | ... U110: =MAX(U96,U98,U100,U102,U104) -> 12.365032
A111: min | B111: =MIN(B96,B98,B100,B102,B104) -> 1.07164 | C111: =MIN(C96,C98,C100,C102,C104) -> 1.252388 | D111: =MIN(D96,D98,D100,D102,D104) -> 1.419412 | E111: =MIN(E96,E98,E100,E102,E104) -> 1.74616 | F111: =MIN(F96,F98,F100,F102,F104) -> 1.948808 | G111: =MIN(G96,G98,G100,G102,G104) -> 2.151456 | H111: =MIN(H96,H98,H100,H102,H104) -> 2.31848 | I111: =MIN(I96,I98,I100,I102,I104) -> 2.564052 | ... U111: =MIN(U96,U98,U100,U102,U104) -> 11.984556
B112: =(B110-B111)/B110 -> 0.1643898 | C112: =(C110-C111)/C110 -> 0.13979142 | D112: =(D110-D111)/D110 -> 0.14040672 | E112: =(E110-E111)/E110 -> 0.054844318 | F112: =(F110-F111)/F110 -> 0.045617046 | G112: =(G110-G111)/G110 -> 0.057197697 | H112: =(H110-H111)/H110 -> 0.075023299 | I112: =(I110-I111)/I110 -> 0.053567579 | ... U112: =(U110-U111)/U110 -> 0.030770321
A114: 6-Säule | B114: ='Zehnder Charl. Tabelle'!C$3 -> 260 | C114: ='Zehnder Charl. Tabelle'!D$3 -> 300 | D114: ='Zehnder Charl. Tabelle'!E$3 -> 350 | E114: ='Zehnder Charl. Tabelle'!F$3 -> 400 | F114: ='Zehnder Charl. Tabelle'!G$3 -> 450 | G114: ='Zehnder Charl. Tabelle'!H$3 -> 500 | H114: ='Zehnder Charl. Tabelle'!I$3 -> 550 | I114: ='Zehnder Charl. Tabelle'!J$3 -> 600 | ... U114: ='Zehnder Charl. Tabelle'!V$3 -> 3000
A115: Arbonia | B115: ='Arbonia Tabelle'!E79 -> 1.536212 | C115: ='Arbonia Tabelle'!F79 -> 1.73156 | D115: ='Arbonia Tabelle'!G79 -> 1.991732 | E115: ='Arbonia Tabelle'!H79 -> 2.20898 | F115: ='Arbonia Tabelle'!I79 -> 2.426228 | G115: ='Arbonia Tabelle'!J79 -> 2.6864 | H115: ='Arbonia Tabelle'!K79 -> 2.910948 | I115: ='Arbonia Tabelle'!L79 -> 3.128196 | ... U115: ='Arbonia Tabelle'!X79 -> 14.394432
A116: Arbonia Formel | B116: =0.0047*B114 + 0.3345 -> 1.5565 | C116: =0.0047*C114 + 0.3345 -> 1.7445 | D116: =0.0047*D114 + 0.3345 -> 1.9795 | E116: =0.0047*E114 + 0.3345 -> 2.2145 | F116: =0.0047*F114 + 0.3345 -> 2.4495 | G116: =0.0047*G114 + 0.3345 -> 2.6845 | H116: =0.0047*H114 + 0.3345 -> 2.9195 | I116: =0.0047*I114 + 0.3345 -> 3.1545 | ... U116: =0.0047*U114 + 0.3345 -> 14.4345
A117: Zehnder | B117: ='Zehnder Charl. Tabelle'!C89 -> 1.434888 | C117: ='Zehnder Charl. Tabelle'!D89 -> 1.637536 | D117: ='Zehnder Charl. Tabelle'!E89 -> 1.869384 | E117: ='Zehnder Charl. Tabelle'!F89 -> 2.122256 | F117: ='Zehnder Charl. Tabelle'!G89 -> 2.354104 | G117: ='Zehnder Charl. Tabelle'!H89 -> 2.585952 | H117: ='Zehnder Charl. Tabelle'!I89 -> 2.853424 | I117: ='Zehnder Charl. Tabelle'!J89 -> 3.085272 | ... U117: ='Zehnder Charl. Tabelle'!V89 -> 14.841484
A118: Zehnder Formel | B118: =0.0049*B114 + 0.149 -> 1.423 | C118: =0.0049*C114 + 0.149 -> 1.619 | D118: =0.0049*D114 + 0.149 -> 1.864 | E118: =0.0049*E114 + 0.149 -> 2.109 | F118: =0.0049*F114 + 0.149 -> 2.354 | G118: =0.0049*G114 + 0.149 -> 2.599 | H118: =0.0049*H114 + 0.149 -> 2.844 | I118: =0.0049*I114 + 0.149 -> 3.089 | ... U118: =0.0049*U114 + 0.149 -> 14.849
A119: IRSAP
A120: IRSAP Formel
A121: Cordivari | C121: ='Cordivari Tabelle'!D79 -> 1.73156 | E121: ='Cordivari Tabelle'!E79 -> 2.217156 | G121: ='Cordivari Tabelle'!F79 -> 2.738376 | H121: ='Cordivari Tabelle'!G79 -> 3.042348 | I121: ='Cordivari Tabelle'!I79 -> 3.259596 | J121: ='Cordivari Tabelle'!M79 -> 3.98434 | L121: ='Cordivari Tabelle'!S79 -> 5.273228 | N121: ='Cordivari Tabelle'!T79 -> 6.272744 | O121: ='Cordivari Tabelle'!U79 -> 7.757856 | P121: ='Cordivari Tabelle'!W79 -> 9.285892 | Q121: ='Cordivari Tabelle'!Y79 -> 10.292708 | R121: ='Cordivari Tabelle'!AA79 -> 11.292224 | S121: ='Cordivari Tabelle'!AB79 -> 12.777336
A122: Cordivari Formel | C122: =0.005*C114 + 0.2186 -> 1.7186 | D122: =0.005*D114 + 0.2186 -> 1.9686 | E122: =0.005*E114 + 0.2186 -> 2.2186 | F122: =0.005*F114 + 0.2186 -> 2.4686 | G122: =0.005*G114 + 0.2186 -> 2.7186 | H122: =0.005*H114 + 0.2186 -> 2.9686 | I122: =0.005*I114 + 0.2186 -> 3.2186 | J122: =0.005*J114 + 0.2186 -> 3.9686 | ... S122: =0.005*S114 + 0.2186 -> 12.7186
A123: FIR Iron
A124: FIR Iron Formel
A125: Mittelwert | B125: =AVERAGE(B115,B117,B119,B121,B123) -> 1.48555 | C125: =AVERAGE(C115,C117,C119,C121,C123) -> 1.7002187 | D125: =AVERAGE(D115,D117,D119,D121,D123) -> 1.930558 | E125: =AVERAGE(E115,E117,E119,E121,E123) -> 2.1827973 | F125: =AVERAGE(F115,F117,F119,F121,F123) -> 2.390166 | G125: =AVERAGE(G115,G117,G119,G121,G123) -> 2.6702427 | H125: =AVERAGE(H115,H117,H119,H121,H123) -> 2.9355733 | I125: =AVERAGE(I115,I117,I119,I121,I123) -> 3.157688 | ... U125: =AVERAGE(U115,U117,U119,U121,U123) -> 14.617958
A126: Mittelwert Formel | B126: =0.0048*B114 + 0.2597 -> 1.5077 | C126: =0.0048*C114 + 0.2597 -> 1.6997 | D126: =0.0048*D114 + 0.2597 -> 1.9397 | E126: =0.0048*E114 + 0.2597 -> 2.1797 | F126: =0.0048*F114 + 0.2597 -> 2.4197 | G126: =0.0048*G114 + 0.2597 -> 2.6597 | H126: =0.0048*H114 + 0.2597 -> 2.8997 | I126: =0.0048*I114 + 0.2597 -> 3.1397 | ... U126: =0.0048*U114 + 0.2597 -> 14.6597
B127: =(B126-B125)/B125 -> 0.014910303 | C127: =(C126-C125)/C125 -> -0.0003050588 | D127: =(D126-D125)/D125 -> 0.0047354185 | E127: =(E126-E125)/E125 -> -0.0014189743 | F127: =(F126-F125)/F125 -> 0.012356464 | G127: =(G126-G125)/G125 -> -0.0039482055 | H127: =(H126-H125)/H125 -> -0.012220214 | I127: =(I126-I125)/I125 -> -0.0056965729 | ... U127: =(U126-U125)/U125 -> 0.0028555288
A129: max | B129: =MAX(B115,B117,B119,B121,B123) -> 1.536212 | C129: =MAX(C115,C117,C119,C121,C123) -> 1.73156 | D129: =MAX(D115,D117,D119,D121,D123) -> 1.991732 | E129: =MAX(E115,E117,E119,E121,E123) -> 2.217156 | F129: =MAX(F115,F117,F119,F121,F123) -> 2.426228 | G129: =MAX(G115,G117,G119,G121,G123) -> 2.738376 | H129: =MAX(H115,H117,H119,H121,H123) -> 3.042348 | I129: =MAX(I115,I117,I119,I121,I123) -> 3.259596 | ... U129: =MAX(U115,U117,U119,U121,U123) -> 14.841484
A130: min | B130: =MIN(B115,B117,B119,B121,B123) -> 1.434888 | C130: =MIN(C115,C117,C119,C121,C123) -> 1.637536 | D130: =MIN(D115,D117,D119,D121,D123) -> 1.869384 | E130: =MIN(E115,E117,E119,E121,E123) -> 2.122256 | F130: =MIN(F115,F117,F119,F121,F123) -> 2.354104 | G130: =MIN(G115,G117,G119,G121,G123) -> 2.585952 | H130: =MIN(H115,H117,H119,H121,H123) -> 2.853424 | I130: =MIN(I115,I117,I119,I121,I123) -> 3.085272 | ... U130: =MIN(U115,U117,U119,U121,U123) -> 14.394432
B131: =(B129-B130)/B129 -> 0.065957042 | C131: =(C129-C130)/C129 -> 0.054300169 | D131: =(D129-D130)/D129 -> 0.061427943 | E131: =(E129-E130)/E129 -> 0.042802581 | F131: =(F129-F130)/F129 -> 0.029726802 | G131: =(G129-G130)/G129 -> 0.055662188 | H131: =(H129-H130)/H129 -> 0.06209809 | I131: =(I129-I130)/I129 -> 0.053480247 | ... U131: =(U129-U130)/U129 -> 0.030121786

Sheet Exponent alle
A1: Exponent
B23: Arbonia | C23: Zehnder | D23: IRSAP | E23: Cordivari | F23: FIR Iron | G23: Mittelwert | J23: Formulas:
A24: 2-Säule | G24: y = -2E-8x^2+8E-05x + 1.2298 | J24: Φ = Φn x (ΔT/ ΔTn)n | X24: Arbonia (Prolux, Kermi, etc.) | Y24: Zehnder | Z24: IRSAP (IT) | AA24: Cordivari (IT) | AB24: Fir Iron (IT)
N25: 75 | O25: 90
A26: 3-Säule | G26: y = -1E-8x^2+6E-05x + 1.2636 | J26: ΔT = (tin–tut) / (ln ( (tin – trum) / (tut – trum) ) ) | N26: 65 | O26: 70 | W26: 2-Säulen | X26: 65 | Y26: 62 | Z26: 65 | AA26: 66 | AB26: 63
N27: 20 | O27: 20 | W27: 3-Säulen | X27: 105 | Y27: 100 | Z27: 101 | AA27: 107 | AB27: 101
A28: 4-Säule | G28: y = -2E-8x^2+8E-05x + 1.2608 | J28: ΔTn | K28: =(N25-N26)/(LN((N25-N27)/(N26-N27))) -> 49.832887 | N28: =(N25-N26)/(LN((N25-N27)/(N26-N27))) -> 49.832887 | O28: =(O25-O26)/(LN((O25-O27)/(O26-O27))) -> 59.440268 | W28: 4-Säulen | X28: 145 | Y28: 136 | Z28: 139 | AA28: 148 | AB28: 139
W29: 5-Säulen | X29: 185 | Y29: 173 | Z29: 177 | AA29: 189 | AB29: 177
A30: 5-Säule | G30: y = -2E-8x^2+7E-05x + 1.2826 | J30: THGE | W30: 6-Säulen | X30: 225 | Y30: 210 | Z30: 215 | AA30: 230 | AB30: 215
J31: Stahl (kg) | K31: 0.73
A32: 6-Säule | G32: y = -2E-8x^2+6E-05x + 1.2931 | J32: Pulverbeschichten, Stahl (m2) | K32: 4.38 | L32: 120 | M32: g/m2 (80 micras, 1.5 g/cm3)
A37: 2-Säule | B37: ='Zehnder Charl. Tabelle'!C$3 -> 260 | C37: ='Zehnder Charl. Tabelle'!D$3 -> 300 | D37: ='Zehnder Charl. Tabelle'!E$3 -> 350 | E37: ='Zehnder Charl. Tabelle'!F$3 -> 400 | F37: ='Zehnder Charl. Tabelle'!G$3 -> 450 | G37: ='Zehnder Charl. Tabelle'!H$3 -> 500 | H37: ='Zehnder Charl. Tabelle'!I$3 -> 550 | I37: ='Zehnder Charl. Tabelle'!J$3 -> 600 | ... U37: ='Zehnder Charl. Tabelle'!V$3 -> 3000
A38: Arbonia | B38: ='Arbonia Tabelle'!E11 -> 1.25 | C38: ='Arbonia Tabelle'!F11 -> 1.26 | D38: ='Arbonia Tabelle'!G11 -> 1.31 | E38: ='Arbonia Tabelle'!H11 -> 1.31 | F38: ='Arbonia Tabelle'!I11 -> 1.31 | G38: ='Arbonia Tabelle'!J11 -> 1.31 | H38: ='Arbonia Tabelle'!K11 -> 1.31 | I38: ='Arbonia Tabelle'!L11 -> 1.31 | ... U38: ='Arbonia Tabelle'!X11 -> 1.33
A39: Arbonia Formel
A40: Zehnder | B40: ='Zehnder Charl. Tabelle'!C13 -> 1.27 | C40: ='Zehnder Charl. Tabelle'!D13 -> 1.27 | D40: ='Zehnder Charl. Tabelle'!E13 -> 1.26 | E40: ='Zehnder Charl. Tabelle'!F13 -> 1.26 | F40: ='Zehnder Charl. Tabelle'!G13 -> 1.26 | G40: ='Zehnder Charl. Tabelle'!H13 -> 1.25 | H40: ='Zehnder Charl. Tabelle'!I13 -> 1.25 | I40: ='Zehnder Charl. Tabelle'!J13 -> 1.25 | ... U40: ='Zehnder Charl. Tabelle'!V13 -> 1.27
A41: Zehnder Formel
A42: IRSAP | C42: ='IRSAP Tabelle'!D11 -> 1.24 | D42: ='IRSAP Tabelle'!E11 -> 1.24 | E42: ='IRSAP Tabelle'!G11 -> 1.25 | F42: ='IRSAP Tabelle'!H11 -> 1.25 | G42: ='IRSAP Tabelle'!I11 -> 1.25 | H42: ='IRSAP Tabelle'!K11 -> 1.26 | I42: ='IRSAP Tabelle'!M11 -> 1.26 | J42: ='IRSAP Tabelle'!Q11 -> 1.27 | K42: ='IRSAP Tabelle'!V11 -> 1.29 | L42: ='IRSAP Tabelle'!W11 -> 1.29 | N42: ='IRSAP Tabelle'!X11 -> 1.31 | O42: ='IRSAP Tabelle'!Y11 -> 1.33 | P42: ='IRSAP Tabelle'!Z11 -> 1.33 | Q42: ='IRSAP Tabelle'!AA11 -> 1.32 | R42: ='IRSAP Tabelle'!AB11 -> 1.31 | S42: ='IRSAP Tabelle'!AC11 -> 1.29
A43: IRSAP Formel
A44: Cordivari | C44: ='Cordivari Tabelle'!D11 -> 1.247 | E44: ='Cordivari Tabelle'!E11 -> 1.261 | G44: ='Cordivari Tabelle'!F11 -> 1.275 | H44: ='Cordivari Tabelle'!G11 -> 1.283 | I44: ='Cordivari Tabelle'!I11 -> 1.289 | J44: ='Cordivari Tabelle'!M11 -> 1.31 | L44: ='Cordivari Tabelle'!S11 -> 1.335 | N44: ='Cordivari Tabelle'!T11 -> 1.343 | O44: ='Cordivari Tabelle'!U11 -> 1.355 | P44: ='Cordivari Tabelle'!W11 -> 1.355 | Q44: ='Cordivari Tabelle'!Y11 -> 1.355 | R44: ='Cordivari Tabelle'!AA11 -> 1.355 | S44: ='Cordivari Tabelle'!AB11 -> 1.355
A45: Cordivari Formel
A46: FIR Iron | C46: ='FIR Iron'!D11 -> 1.22 | D46: ='FIR Iron'!E11 -> 1.23 | E46: ='FIR Iron'!G11 -> 1.23 | F46: ='FIR Iron'!I11 -> 1.23 | G46: ='FIR Iron'!J11 -> 1.24 | H46: ='FIR Iron'!K11 -> 1.24 | I46: ='FIR Iron'!M11 -> 1.24 | J46: ='FIR Iron'!O11 -> 1.25 | K46: ='FIR Iron'!Q11 -> 1.26 | L46: ='FIR Iron'!S11 -> 1.27 | M46: ='FIR Iron'!U11 -> 1.28 | N46: ='FIR Iron'!V11 -> 1.28 | O46: ='FIR Iron'!W11 -> 1.3 | P46: ='FIR Iron'!X11 -> 1.32 | Q46: ='FIR Iron'!Y11 -> 1.33 | R46: ='FIR Iron'!Z11 -> 1.34 | S46: ='FIR Iron'!AA11 -> 1.34 | T46: ='FIR Iron'!AB11 -> 1.34 | U46: ='FIR Iron'!AC11 -> 1.3
A47: FIR Iron Formel
A48: Mittelwert | B48: =AVERAGE(B38,B40,B42,B44,B46) -> 1.26 | C48: =AVERAGE(C38,C40,C42,C44,C46) -> 1.2474 | D48: =AVERAGE(D38,D40,D42,D44,D46) -> 1.26 | E48: =AVERAGE(E38,E40,E42,E44,E46) -> 1.2622 | F48: =AVERAGE(F38,F40,F42,F44,F46) -> 1.2625 | G48: =AVERAGE(G38,G40,G42,G44,G46) -> 1.265 | H48: =AVERAGE(H38,H40,H42,H44,H46) -> 1.2686 | I48: =AVERAGE(I38,I40,I42,I44,I46) -> 1.2698 | ... U48: =AVERAGE(U38,U40,U42,U44,U46) -> 1.3
A49: Mittelwert Formel | B49: =-0.00000002*B37^2+0.00008*B37 + 1.2298 -> 1.249248 | C49: =-0.00000002*C37^2+0.00008*C37 + 1.2298 -> 1.252 | D49: =-0.00000002*D37^2+0.00008*D37 + 1.2298 -> 1.25535 | E49: =-0.00000002*E37^2+0.00008*E37 + 1.2298 -> 1.2586 | F49: =-0.00000002*F37^2+0.00008*F37 + 1.2298 -> 1.26175 | G49: =-0.00000002*G37^2+0.00008*G37 + 1.2298 -> 1.2648 | H49: =-0.00000002*H37^2+0.00008*H37 + 1.2298 -> 1.26775 | I49: =-0.00000002*I37^2+0.00008*I37 + 1.2298 -> 1.2706 | ... U49: =-0.00000002*U37^2+0.00008*U37 + 1.2298 -> 1.2898
B50: =(B49-B48)/B48 -> -0.0085333333 | C50: =(C49-C48)/C48 -> 0.0036876704 | D50: =(D49-D48)/D48 -> -0.0036904762 | E50: =(E49-E48)/E48 -> -0.0028521629 | F50: =(F49-F48)/F48 -> -0.00059405941 | G50: =(G49-G48)/G48 -> -0.00015810277 | H50: =(H49-H48)/H48 -> -0.00067002995 | I50: =(I49-I48)/I48 -> 0.00063002048 | ... U50: =(U49-U48)/U48 -> -0.0078461538
W51: Hersteller | X51: Modell
A52: max | B52: =MAX(B38,B40,B42,B44,B46) -> 1.27 | C52: =MAX(C38,C40,C42,C44,C46) -> 1.27 | D52: =MAX(D38,D40,D42,D44,D46) -> 1.31 | E52: =MAX(E38,E40,E42,E44,E46) -> 1.31 | F52: =MAX(F38,F40,F42,F44,F46) -> 1.31 | G52: =MAX(G38,G40,G42,G44,G46) -> 1.31 | H52: =MAX(H38,H40,H42,H44,H46) -> 1.31 | I52: =MAX(I38,I40,I42,I44,I46) -> 1.31 | ... U52: =MAX(U38,U40,U42,U44,U46) -> 1.33 | W52: =MAX(A52:U52) -> 1.355 | X52: =MAX(A49:U49) -> 1.3098 | Y52: =(X52-W52)/W52 -> -0.033357934
A53: min | B53: =MIN(B38,B40,B42,B44,B46) -> 1.25 | C53: =MIN(C38,C40,C42,C44,C46) -> 1.22 | D53: =MIN(D38,D40,D42,D44,D46) -> 1.23 | E53: =MIN(E38,E40,E42,E44,E46) -> 1.23 | F53: =MIN(F38,F40,F42,F44,F46) -> 1.23 | G53: =MIN(G38,G40,G42,G44,G46) -> 1.24 | H53: =MIN(H38,H40,H42,H44,H46) -> 1.24 | I53: =MIN(I38,I40,I42,I44,I46) -> 1.24 | ... U53: =MIN(U38,U40,U42,U44,U46) -> 1.27 | W53: =MIN(A53:U53) -> 1.21 | X53: =MIN(A49:U49) -> 1.249248 | Y53: =(X53-W53)/W53 -> 0.032436364
B54: =(B52-B53)/B52 -> 0.015748031 | C54: =(C52-C53)/C52 -> 0.039370079 | D54: =(D52-D53)/D52 -> 0.061068702 | E54: =(E52-E53)/E52 -> 0.061068702 | F54: =(F52-F53)/F52 -> 0.061068702 | G54: =(G52-G53)/G52 -> 0.053435115 | H54: =(H52-H53)/H52 -> 0.053435115 | I54: =(I52-I53)/I52 -> 0.053435115 | ... U54: =(U52-U53)/U52 -> 0.045112782
A55: 0.1
A57: 3-Säule | B57: ='Zehnder Charl. Tabelle'!C$3 -> 260 | C57: ='Zehnder Charl. Tabelle'!D$3 -> 300 | D57: ='Zehnder Charl. Tabelle'!E$3 -> 350 | E57: ='Zehnder Charl. Tabelle'!F$3 -> 400 | F57: ='Zehnder Charl. Tabelle'!G$3 -> 450 | G57: ='Zehnder Charl. Tabelle'!H$3 -> 500 | H57: ='Zehnder Charl. Tabelle'!I$3 -> 550 | I57: ='Zehnder Charl. Tabelle'!J$3 -> 600 | ... U57: ='Zehnder Charl. Tabelle'!V$3 -> 3000
A58: Arbonia | B58: ='Arbonia Tabelle'!E12 -> 1.31 | C58: ='Arbonia Tabelle'!F12 -> 1.33 | D58: ='Arbonia Tabelle'!G12 -> 1.36 | E58: ='Arbonia Tabelle'!H12 -> 1.36 | F58: ='Arbonia Tabelle'!I12 -> 1.36 | G58: ='Arbonia Tabelle'!J12 -> 1.36 | H58: ='Arbonia Tabelle'!K12 -> 1.36 | I58: ='Arbonia Tabelle'!L12 -> 1.36 | ... U58: ='Arbonia Tabelle'!X12 -> 1.33
A59: Arbonia Formel
A60: Zehnder | B60: ='Zehnder Charl. Tabelle'!C14 -> 1.28 | C60: ='Zehnder Charl. Tabelle'!D14 -> 1.28 | D60: ='Zehnder Charl. Tabelle'!E14 -> 1.28 | E60: ='Zehnder Charl. Tabelle'!F14 -> 1.28 | F60: ='Zehnder Charl. Tabelle'!G14 -> 1.27 | G60: ='Zehnder Charl. Tabelle'!H14 -> 1.27 | H60: ='Zehnder Charl. Tabelle'!I14 -> 1.27 | I60: ='Zehnder Charl. Tabelle'!J14 -> 1.27 | ... U60: ='Zehnder Charl. Tabelle'!V14 -> 1.33
A61: Zehnder Formel
A62: IRSAP | C62: ='IRSAP Tabelle'!D12 -> 1.25 | D62: ='IRSAP Tabelle'!E12 -> 1.25 | E62: ='IRSAP Tabelle'!G12 -> 1.26 | F62: ='IRSAP Tabelle'!H12 -> 1.26 | G62: ='IRSAP Tabelle'!I12 -> 1.27 | H62: ='IRSAP Tabelle'!K12 -> 1.28 | I62: ='IRSAP Tabelle'!M12 -> 1.28 | J62: ='IRSAP Tabelle'!Q12 -> 1.3 | K62: ='IRSAP Tabelle'!V12 -> 1.31 | L62: ='IRSAP Tabelle'!W12 -> 1.32 | N62: ='IRSAP Tabelle'!X12 -> 1.32 | O62: ='IRSAP Tabelle'!Y12 -> 1.33 | P62: ='IRSAP Tabelle'!Z12 -> 1.33 | Q62: ='IRSAP Tabelle'!AA12 -> 1.318 | R62: ='IRSAP Tabelle'!AB12 -> 1.31 | S62: ='IRSAP Tabelle'!AC12 -> 1.299
A63: IRSAP Formel
A64: Cordivari | C64: ='Cordivari Tabelle'!D12 -> 1.273 | E64: ='Cordivari Tabelle'!E12 -> 1.284 | G64: ='Cordivari Tabelle'!F12 -> 1.296 | H64: ='Cordivari Tabelle'!G12 -> 1.302 | I64: ='Cordivari Tabelle'!I12 -> 1.307 | J64: ='Cordivari Tabelle'!M12 -> 1.325 | L64: ='Cordivari Tabelle'!S12 -> 1.345 | N64: ='Cordivari Tabelle'!T12 -> 1.35 | O64: ='Cordivari Tabelle'!U12 -> 1.359 | P64: ='Cordivari Tabelle'!W12 -> 1.341 | Q64: ='Cordivari Tabelle'!Y12 -> 1.33 | R64: ='Cordivari Tabelle'!AA12 -> 1.318 | S64: ='Cordivari Tabelle'!AB12 -> 1.301
A65: Cordivari Formel
A66: FIR Iron | C66: ='FIR Iron'!D12 -> 1.23 | D66: ='FIR Iron'!E12 -> 1.23 | E66: ='FIR Iron'!G12 -> 1.24 | F66: ='FIR Iron'!I12 -> 1.24 | G66: ='FIR Iron'!J12 -> 1.25 | H66: ='FIR Iron'!K12 -> 1.26 | I66: ='FIR Iron'!M12 -> 1.26 | J66: ='FIR Iron'!O12 -> 1.28 | K66: ='FIR Iron'!Q12 -> 1.29 | L66: ='FIR Iron'!S12 -> 1.3 | M66: ='FIR Iron'!U12 -> 1.3 | N66: ='FIR Iron'!V12 -> 1.31 | O66: ='FIR Iron'!W12 -> 1.33 | P66: ='FIR Iron'!X12 -> 1.34 | Q66: ='FIR Iron'!Y12 -> 1.34 | R66: ='FIR Iron'!Z12 -> 1.34 | S66: ='FIR Iron'!AA12 -> 1.34 | T66: ='FIR Iron'!AB12 -> 1.33 | U66: ='FIR Iron'!AC12 -> 1.32
A67: FIR Iron Formel
A68: Mittelwert | B68: =AVERAGE(B58,B60,B62,B64,B66) -> 1.295 | C68: =AVERAGE(C58,C60,C62,C64,C66) -> 1.2726 | D68: =AVERAGE(D58,D60,D62,D64,D66) -> 1.28 | E68: =AVERAGE(E58,E60,E62,E64,E66) -> 1.2848 | F68: =AVERAGE(F58,F60,F62,F64,F66) -> 1.2825 | G68: =AVERAGE(G58,G60,G62,G64,G66) -> 1.2892 | H68: =AVERAGE(H58,H60,H62,H64,H66) -> 1.2944 | I68: =AVERAGE(I58,I60,I62,I64,I66) -> 1.2954 | ... U68: =AVERAGE(U58,U60,U62,U64,U66) -> 1.3266667
A69: Mittelwert Formel | B69: =-0.00000001*B57^2+0.00006*B57 + 1.2636 -> 1.278524 | C69: =-0.00000001*C57^2+0.00006*C57 + 1.2636 -> 1.2807 | D69: =-0.00000001*D57^2+0.00006*D57 + 1.2636 -> 1.283375 | E69: =-0.00000001*E57^2+0.00006*E57 + 1.2636 -> 1.286 | F69: =-0.00000001*F57^2+0.00006*F57 + 1.2636 -> 1.288575 | G69: =-0.00000001*G57^2+0.00006*G57 + 1.2636 -> 1.2911 | H69: =-0.00000001*H57^2+0.00006*H57 + 1.2636 -> 1.293575 | I69: =-0.00000001*I57^2+0.00006*I57 + 1.2636 -> 1.296 | ... U69: =-0.00000001*U57^2+0.00006*U57 + 1.2636 -> 1.3536
B70: =(B69-B68)/B68 -> -0.01272278 | C70: =(C69-C68)/C68 -> 0.0063649222 | D70: =(D69-D68)/D68 -> 0.0026367188 | E70: =(E69-E68)/E68 -> 0.00093399751 | F70: =(F69-F68)/F68 -> 0.0047368421 | G70: =(G69-G68)/G68 -> 0.0014737822 | H70: =(H69-H68)/H68 -> -0.00063736094 | I70: =(I69-I68)/I68 -> 0.0004631774 | ... U70: =(U69-U68)/U68 -> 0.020301508
W71: Hersteller | X71: Modell
A72: max | B72: =MAX(B58,B60,B62,B64,B66) -> 1.31 | C72: =MAX(C58,C60,C62,C64,C66) -> 1.33 | D72: =MAX(D58,D60,D62,D64,D66) -> 1.36 | E72: =MAX(E58,E60,E62,E64,E66) -> 1.36 | F72: =MAX(F58,F60,F62,F64,F66) -> 1.36 | G72: =MAX(G58,G60,G62,G64,G66) -> 1.36 | H72: =MAX(H58,H60,H62,H64,H66) -> 1.36 | I72: =MAX(I58,I60,I62,I64,I66) -> 1.36 | ... U72: =MAX(U58,U60,U62,U64,U66) -> 1.33 | W72: =MAX(A72:U72) -> 1.36 | X72: =MAX(A69:U69) -> 1.3536 | Y72: =(X72-W72)/W72 -> -0.0047058824
A73: min | B73: =MIN(B58,B60,B62,B64,B66) -> 1.28 | C73: =MIN(C58,C60,C62,C64,C66) -> 1.23 | D73: =MIN(D58,D60,D62,D64,D66) -> 1.23 | E73: =MIN(E58,E60,E62,E64,E66) -> 1.24 | F73: =MIN(F58,F60,F62,F64,F66) -> 1.24 | G73: =MIN(G58,G60,G62,G64,G66) -> 1.25 | H73: =MIN(H58,H60,H62,H64,H66) -> 1.26 | I73: =MIN(I58,I60,I62,I64,I66) -> 1.26 | ... U73: =MIN(U58,U60,U62,U64,U66) -> 1.32 | W73: =MIN(A73:U73) -> 1.23 | X73: =MIN(A69:U69) -> 1.278524 | Y73: =(X73-W73)/W73 -> 0.039450407
B74: =(B72-B73)/B72 -> 0.022900763 | C74: =(C72-C73)/C72 -> 0.07518797 | D74: =(D72-D73)/D72 -> 0.095588235 | E74: =(E72-E73)/E72 -> 0.088235294 | F74: =(F72-F73)/F72 -> 0.088235294 | G74: =(G72-G73)/G72 -> 0.080882353 | H74: =(H72-H73)/H72 -> 0.073529412 | I74: =(I72-I73)/I72 -> 0.073529412 | ... U74: =(U72-U73)/U72 -> 0.007518797
A76: 4-Säule | B76: ='Zehnder Charl. Tabelle'!C$3 -> 260 | C76: ='Zehnder Charl. Tabelle'!D$3 -> 300 | D76: ='Zehnder Charl. Tabelle'!E$3 -> 350 | E76: ='Zehnder Charl. Tabelle'!F$3 -> 400 | F76: ='Zehnder Charl. Tabelle'!G$3 -> 450 | G76: ='Zehnder Charl. Tabelle'!H$3 -> 500 | H76: ='Zehnder Charl. Tabelle'!I$3 -> 550 | I76: ='Zehnder Charl. Tabelle'!J$3 -> 600 | ... U76: ='Zehnder Charl. Tabelle'!V$3 -> 3000
A77: Arbonia | B77: ='Arbonia Tabelle'!E13 -> 1.3 | C77: ='Arbonia Tabelle'!F13 -> 1.33 | D77: ='Arbonia Tabelle'!G13 -> 1.35 | E77: ='Arbonia Tabelle'!H13 -> 1.35 | F77: ='Arbonia Tabelle'!I13 -> 1.35 | G77: ='Arbonia Tabelle'!J13 -> 1.35 | H77: ='Arbonia Tabelle'!K13 -> 1.35 | I77: ='Arbonia Tabelle'!L13 -> 1.35 | ... U77: ='Arbonia Tabelle'!X13 -> 1.34
A78: Arbonia Formel
A79: Zehnder | B79: ='Zehnder Charl. Tabelle'!C15 -> 1.28 | C79: ='Zehnder Charl. Tabelle'!D15 -> 1.28 | D79: ='Zehnder Charl. Tabelle'!E15 -> 1.28 | E79: ='Zehnder Charl. Tabelle'!F15 -> 1.28 | F79: ='Zehnder Charl. Tabelle'!G15 -> 1.27 | G79: ='Zehnder Charl. Tabelle'!H15 -> 1.27 | H79: ='Zehnder Charl. Tabelle'!I15 -> 1.27 | I79: ='Zehnder Charl. Tabelle'!J15 -> 1.27 | ... U79: ='Zehnder Charl. Tabelle'!V15 -> 1.33
A80: Zehnder Formel
A81: IRSAP | C81: ='IRSAP Tabelle'!D13 -> 1.258 | D81: ='IRSAP Tabelle'!E13 -> 1.265 | E81: ='IRSAP Tabelle'!G13 -> 1.272 | F81: ='IRSAP Tabelle'!H13 -> 1.279 | G81: ='IRSAP Tabelle'!I13 -> 1.286 | H81: ='IRSAP Tabelle'!K13 -> 1.293 | I81: ='IRSAP Tabelle'!M13 -> 1.3 | J81: ='IRSAP Tabelle'!Q13 -> 1.322 | K81: ='IRSAP Tabelle'!V13 -> 1.343 | L81: ='IRSAP Tabelle'!W13 -> 1.34 | N81: ='IRSAP Tabelle'!X13 -> 1.335 | O81: ='IRSAP Tabelle'!Y13 -> 1.328 | P81: ='IRSAP Tabelle'!Z13 -> 1.321 | Q81: ='IRSAP Tabelle'!AA13 -> 1.317 | R81: ='IRSAP Tabelle'!AB13 -> 1.312 | S81: ='IRSAP Tabelle'!AC13 -> 1.306
A82: IRSAP Formel
A83: Cordivari | C83: ='Cordivari Tabelle'!D13 -> 1.265 | E83: ='Cordivari Tabelle'!E13 -> 1.28 | G83: ='Cordivari Tabelle'!F13 -> 1.296 | H83: ='Cordivari Tabelle'!G13 -> 1.305 | I83: ='Cordivari Tabelle'!I13 -> 1.312 | J83: ='Cordivari Tabelle'!M13 -> 1.335 | L83: ='Cordivari Tabelle'!S13 -> 1.355 | N83: ='Cordivari Tabelle'!T13 -> 1.348 | O83: ='Cordivari Tabelle'!U13 -> 1.338 | P83: ='Cordivari Tabelle'!W13 -> 1.353 | Q83: ='Cordivari Tabelle'!Y13 -> 1.364 | R83: ='Cordivari Tabelle'!AA13 -> 1.374 | S83: ='Cordivari Tabelle'!AB13 -> 1.389
A84: Cordivari Formel
A85: FIR Iron | C85: ='FIR Iron'!D13 -> 1.23 | D85: ='FIR Iron'!E13 -> 1.24 | E85: ='FIR Iron'!G13 -> 1.25 | F85: ='FIR Iron'!I13 -> 1.26 | G85: ='FIR Iron'!J13 -> 1.26 | H85: ='FIR Iron'!K13 -> 1.27 | I85: ='FIR Iron'!M13 -> 1.28 | J85: ='FIR Iron'!O13 -> 1.28 | K85: ='FIR Iron'!Q13 -> 1.31 | L85: ='FIR Iron'!S13 -> 1.32 | M85: ='FIR Iron'!U13 -> 1.33 | N85: ='FIR Iron'!V13 -> 1.34 | O85: ='FIR Iron'!W13 -> 1.35 | P85: ='FIR Iron'!X13 -> 1.35 | Q85: ='FIR Iron'!Y13 -> 1.35 | R85: ='FIR Iron'!Z13 -> 1.35 | S85: ='FIR Iron'!AA13 -> 1.34 | T85: ='FIR Iron'!AB13 -> 1.3 | U85: ='FIR Iron'!AC13 -> 1.32
A86: FIR Iron Formel
A87: Mittelwert | B87: =AVERAGE(B77,B79,B81,B83,B85) -> 1.29 | C87: =AVERAGE(C77,C79,C81,C83,C85) -> 1.2726 | D87: =AVERAGE(D77,D79,D81,D83,D85) -> 1.28375 | E87: =AVERAGE(E77,E79,E81,E83,E85) -> 1.2864 | F87: =AVERAGE(F77,F79,F81,F83,F85) -> 1.28975 | G87: =AVERAGE(G77,G79,G81,G83,G85) -> 1.2924 | H87: =AVERAGE(H77,H79,H81,H83,H85) -> 1.2976 | I87: =AVERAGE(I77,I79,I81,I83,I85) -> 1.3024 | ... U87: =AVERAGE(U77,U79,U81,U83,U85) -> 1.33
A88: Mittelwert Formel | B88: =-0.00000002*B76^2+0.00008*B76 + 1.2608 -> 1.280248 | C88: =-0.00000002*C76^2+0.00008*C76 + 1.2608 -> 1.283 | D88: =-0.00000002*D76^2+0.00008*D76 + 1.2608 -> 1.28635 | E88: =-0.00000002*E76^2+0.00008*E76 + 1.2608 -> 1.2896 | F88: =-0.00000002*F76^2+0.00008*F76 + 1.2608 -> 1.29275 | G88: =-0.00000002*G76^2+0.00008*G76 + 1.2608 -> 1.2958 | H88: =-0.00000002*H76^2+0.00008*H76 + 1.2608 -> 1.29875 | I88: =-0.00000002*I76^2+0.00008*I76 + 1.2608 -> 1.3016 | ... U88: =-0.00000002*U76^2+0.00008*U76 + 1.2608 -> 1.3208
B89: =(B88-B87)/B87 -> -0.0075596899 | C89: =(C88-C87)/C87 -> 0.0081722458 | D89: =(D88-D87)/D87 -> 0.0020253165 | E89: =(E88-E87)/E87 -> 0.0024875622 | F89: =(F88-F87)/F87 -> 0.0023260322 | G89: =(G88-G87)/G87 -> 0.0026307645 | H89: =(H88-H87)/H87 -> 0.00088625154 | I89: =(I88-I87)/I87 -> -0.00061425061 | ... U89: =(U88-U87)/U87 -> -0.0069172932
W90: Hersteller | X90: Modell
A91: max | B91: =MAX(B77,B79,B81,B83,B85) -> 1.3 | C91: =MAX(C77,C79,C81,C83,C85) -> 1.33 | D91: =MAX(D77,D79,D81,D83,D85) -> 1.35 | E91: =MAX(E77,E79,E81,E83,E85) -> 1.35 | F91: =MAX(F77,F79,F81,F83,F85) -> 1.35 | G91: =MAX(G77,G79,G81,G83,G85) -> 1.35 | H91: =MAX(H77,H79,H81,H83,H85) -> 1.35 | I91: =MAX(I77,I79,I81,I83,I85) -> 1.35 | ... U91: =MAX(U77,U79,U81,U83,U85) -> 1.34 | W91: =MAX(A91:U91) -> 1.389 | X91: =MAX(A88:U88) -> 1.3408 | Y91: =(X91-W91)/W91 -> -0.034701224
A92: min | B92: =MIN(B77,B79,B81,B83,B85) -> 1.28 | C92: =MIN(C77,C79,C81,C83,C85) -> 1.23 | D92: =MIN(D77,D79,D81,D83,D85) -> 1.24 | E92: =MIN(E77,E79,E81,E83,E85) -> 1.25 | F92: =MIN(F77,F79,F81,F83,F85) -> 1.26 | G92: =MIN(G77,G79,G81,G83,G85) -> 1.26 | H92: =MIN(H77,H79,H81,H83,H85) -> 1.27 | I92: =MIN(I77,I79,I81,I83,I85) -> 1.27 | ... U92: =MIN(U77,U79,U81,U83,U85) -> 1.32 | W92: =MIN(A92:U92) -> 1.23 | X92: =MIN(A88:U88) -> 1.280248 | Y92: =(X92-W92)/W92 -> 0.040852033
B93: =(B91-B92)/B91 -> 0.015384615 | C93: =(C91-C92)/C91 -> 0.07518797 | D93: =(D91-D92)/D91 -> 0.081481481 | E93: =(E91-E92)/E91 -> 0.074074074 | F93: =(F91-F92)/F91 -> 0.066666667 | G93: =(G91-G92)/G91 -> 0.066666667 | H93: =(H91-H92)/H91 -> 0.059259259 | I93: =(I91-I92)/I91 -> 0.059259259 | ... U93: =(U91-U92)/U91 -> 0.014925373
A95: 5-Säule | B95: ='Zehnder Charl. Tabelle'!C$3 -> 260 | C95: ='Zehnder Charl. Tabelle'!D$3 -> 300 | D95: ='Zehnder Charl. Tabelle'!E$3 -> 350 | E95: ='Zehnder Charl. Tabelle'!F$3 -> 400 | F95: ='Zehnder Charl. Tabelle'!G$3 -> 450 | G95: ='Zehnder Charl. Tabelle'!H$3 -> 500 | H95: ='Zehnder Charl. Tabelle'!I$3 -> 550 | I95: ='Zehnder Charl. Tabelle'!J$3 -> 600 | ... U95: ='Zehnder Charl. Tabelle'!V$3 -> 3000
A96: Arbonia | B96: ='Arbonia Tabelle'!E14 -> 1.33 | C96: ='Arbonia Tabelle'!F14 -> 1.36 | D96: ='Arbonia Tabelle'!G14 -> 1.39 | E96: ='Arbonia Tabelle'!H14 -> 1.39 | F96: ='Arbonia Tabelle'!I14 -> 1.39 | G96: ='Arbonia Tabelle'!J14 -> 1.39 | H96: ='Arbonia Tabelle'!K14 -> 1.39 | I96: ='Arbonia Tabelle'!L14 -> 1.39 | ... U96: ='Arbonia Tabelle'!X14 -> 1.35
A97: Arbonia Formel
A98: Zehnder | B98: ='Zehnder Charl. Tabelle'!C16 -> 1.28 | C98: ='Zehnder Charl. Tabelle'!D16 -> 1.28 | D98: ='Zehnder Charl. Tabelle'!E16 -> 1.28 | E98: ='Zehnder Charl. Tabelle'!F16 -> 1.28 | F98: ='Zehnder Charl. Tabelle'!G16 -> 1.27 | G98: ='Zehnder Charl. Tabelle'!H16 -> 1.27 | H98: ='Zehnder Charl. Tabelle'!I16 -> 1.27 | I98: ='Zehnder Charl. Tabelle'!J16 -> 1.27 | ... U98: ='Zehnder Charl. Tabelle'!V16 -> 1.33
A99: Zehnder Formel
A100: IRSAP | C100: ='IRSAP Tabelle'!D14 -> 1.276 | D100: ='IRSAP Tabelle'!E14 -> 1.283 | E100: ='IRSAP Tabelle'!G14 -> 1.291 | F100: ='IRSAP Tabelle'!H14 -> 1.299 | G100: ='IRSAP Tabelle'!I14 -> 1.307 | H100: ='IRSAP Tabelle'!K14 -> 1.315 | I100: ='IRSAP Tabelle'!M14 -> 1.322 | J100: ='IRSAP Tabelle'!Q14 -> 1.346 | K100: ='IRSAP Tabelle'!V14 -> 1.369 | L100: ='IRSAP Tabelle'!W14 -> 1.364 | N100: ='IRSAP Tabelle'!X14 -> 1.353 | O100: ='IRSAP Tabelle'!Y14 -> 1.337 | P100: ='IRSAP Tabelle'!Z14 -> 1.327 | Q100: ='IRSAP Tabelle'!AA14 -> 1.323 | R100: ='IRSAP Tabelle'!AB14 -> 1.32 | S100: ='IRSAP Tabelle'!AC14 -> 1.314
A101: IRSAP Formel
A102: Cordivari | C102: ='Cordivari Tabelle'!D14 -> 1.32 | E102: ='Cordivari Tabelle'!E14 -> 1.323 | G102: ='Cordivari Tabelle'!F14 -> 1.326 | H102: ='Cordivari Tabelle'!G14 -> 1.328 | I102: ='Cordivari Tabelle'!I14 -> 1.329 | J102: ='Cordivari Tabelle'!M14 -> 1.334 | L102: ='Cordivari Tabelle'!S14 -> 1.348 | N102: ='Cordivari Tabelle'!T14 -> 1.366 | O102: ='Cordivari Tabelle'!U14 -> 1.393 | P102: ='Cordivari Tabelle'!W14 -> 1.37 | Q102: ='Cordivari Tabelle'!Y14 -> 1.356 | R102: ='Cordivari Tabelle'!AA14 -> 1.341 | S102: ='Cordivari Tabelle'!AB14 -> 1.318
A103: Cordivari Formel
A104: FIR Iron | C104: ='FIR Iron'!D14 -> 1.24 | D104: ='FIR Iron'!E14 -> 1.25 | E104: ='FIR Iron'!G14 -> 1.26 | F104: ='FIR Iron'!I14 -> 1.26 | G104: ='FIR Iron'!J14 -> 1.27 | H104: ='FIR Iron'!K14 -> 1.28 | I104: ='FIR Iron'!M14 -> 1.28 | J104: ='FIR Iron'!O14 -> 1.28 | K104: ='FIR Iron'!Q14 -> 1.31 | L104: ='FIR Iron'!S14 -> 1.32 | M104: ='FIR Iron'!U14 -> 1.33 | N104: ='FIR Iron'!V14 -> 1.34 | O104: ='FIR Iron'!W14 -> 1.35 | P104: ='FIR Iron'!X14 -> 1.35 | Q104: ='FIR Iron'!Y14 -> 1.35 | R104: ='FIR Iron'!Z14 -> 1.34 | S104: ='FIR Iron'!AA14 -> 1.33 | T104: ='FIR Iron'!AB14 -> 1.31 | U104: ='FIR Iron'!AC14 -> 1.3
A105: FIR Iron Formel
A106: Mittelwert | B106: =AVERAGE(B96,B98,B100,B102,B104) -> 1.305 | C106: =AVERAGE(C96,C98,C100,C102,C104) -> 1.2952 | D106: =AVERAGE(D96,D98,D100,D102,D104) -> 1.30075 | E106: =AVERAGE(E96,E98,E100,E102,E104) -> 1.3088 | F106: =AVERAGE(F96,F98,F100,F102,F104) -> 1.30475 | G106: =AVERAGE(G96,G98,G100,G102,G104) -> 1.3126 | H106: =AVERAGE(H96,H98,H100,H102,H104) -> 1.3166 | I106: =AVERAGE(I96,I98,I100,I102,I104) -> 1.3182 | ... U106: =AVERAGE(U96,U98,U100,U102,U104) -> 1.3266667
A107: Mittelwert Formel | B107: =-0.00000002*B95^2+0.00007*B95 + 1.2826 -> 1.299448 | C107: =-0.00000002*C95^2+0.00007*C95 + 1.2826 -> 1.3018 | D107: =-0.00000002*D95^2+0.00007*D95 + 1.2826 -> 1.30465 | E107: =-0.00000002*E95^2+0.00007*E95 + 1.2826 -> 1.3074 | F107: =-0.00000002*F95^2+0.00007*F95 + 1.2826 -> 1.31005 | G107: =-0.00000002*G95^2+0.00007*G95 + 1.2826 -> 1.3126 | H107: =-0.00000002*H95^2+0.00007*H95 + 1.2826 -> 1.31505 | I107: =-0.00000002*I95^2+0.00007*I95 + 1.2826 -> 1.3174 | ... U107: =-0.00000002*U95^2+0.00007*U95 + 1.2826 -> 1.3126
B108: =(B107-B106)/B106 -> -0.0042544061 | C108: =(C107-C106)/C106 -> 0.0050957381 | D108: =(D107-D106)/D106 -> 0.0029982702 | E108: =(E107-E106)/E106 -> -0.0010696822 | F108: =(F107-F106)/F106 -> 0.0040620809 | G108: =(G107-G106)/G106 -> -1.6916395e-16 | H108: =(H107-H106)/H106 -> -0.0011772748 | I108: =(I107-I106)/I106 -> -0.00060688818 | ... U108: =(U107-U106)/U106 -> -0.010603015
W109: Hersteller | X109: Modell
A110: max | B110: =MAX(B96,B98,B100,B102,B104) -> 1.33 | C110: =MAX(C96,C98,C100,C102,C104) -> 1.36 | D110: =MAX(D96,D98,D100,D102,D104) -> 1.39 | E110: =MAX(E96,E98,E100,E102,E104) -> 1.39 | F110: =MAX(F96,F98,F100,F102,F104) -> 1.39 | G110: =MAX(G96,G98,G100,G102,G104) -> 1.39 | H110: =MAX(H96,H98,H100,H102,H104) -> 1.39 | I110: =MAX(I96,I98,I100,I102,I104) -> 1.39 | ... U110: =MAX(U96,U98,U100,U102,U104) -> 1.35 | W110: =MAX(A110:U110) -> 1.393 | X110: =MAX(A107:U107) -> 1.3438 | Y110: =(X110-W110)/W110 -> -0.035319454
A111: min | B111: =MIN(B96,B98,B100,B102,B104) -> 1.28 | C111: =MIN(C96,C98,C100,C102,C104) -> 1.24 | D111: =MIN(D96,D98,D100,D102,D104) -> 1.25 | E111: =MIN(E96,E98,E100,E102,E104) -> 1.26 | F111: =MIN(F96,F98,F100,F102,F104) -> 1.26 | G111: =MIN(G96,G98,G100,G102,G104) -> 1.27 | H111: =MIN(H96,H98,H100,H102,H104) -> 1.27 | I111: =MIN(I96,I98,I100,I102,I104) -> 1.27 | ... U111: =MIN(U96,U98,U100,U102,U104) -> 1.3 | W111: =MIN(A111:U111) -> 1.24 | X111: =MIN(A107:U107) -> 1.299448 | Y111: =(X111-W111)/W111 -> 0.047941935
B112: =(B110-B111)/B110 -> 0.037593985 | C112: =(C110-C111)/C110 -> 0.088235294 | D112: =(D110-D111)/D110 -> 0.10071942 | E112: =(E110-E111)/E110 -> 0.09352518 | F112: =(F110-F111)/F110 -> 0.09352518 | G112: =(G110-G111)/G110 -> 0.086330935 | H112: =(H110-H111)/H110 -> 0.086330935 | I112: =(I110-I111)/I110 -> 0.086330935 | ... U112: =(U110-U111)/U110 -> 0.037037037
A114: 6-Säule | B114: ='Zehnder Charl. Tabelle'!C$3 -> 260 | C114: ='Zehnder Charl. Tabelle'!D$3 -> 300 | D114: ='Zehnder Charl. Tabelle'!E$3 -> 350 | E114: ='Zehnder Charl. Tabelle'!F$3 -> 400 | F114: ='Zehnder Charl. Tabelle'!G$3 -> 450 | G114: ='Zehnder Charl. Tabelle'!H$3 -> 500 | H114: ='Zehnder Charl. Tabelle'!I$3 -> 550 | I114: ='Zehnder Charl. Tabelle'!J$3 -> 600 | ... U114: ='Zehnder Charl. Tabelle'!V$3 -> 3000
A115: Arbonia | B115: ='Arbonia Tabelle'!E15 -> 1.36 | C115: ='Arbonia Tabelle'!F15 -> 1.39 | D115: ='Arbonia Tabelle'!G15 -> 1.41 | E115: ='Arbonia Tabelle'!H15 -> 1.41 | F115: ='Arbonia Tabelle'!I15 -> 1.41 | G115: ='Arbonia Tabelle'!J15 -> 1.41 | H115: ='Arbonia Tabelle'!K15 -> 1.41 | I115: ='Arbonia Tabelle'!L15 -> 1.41 | ... U115: ='Arbonia Tabelle'!X15 -> 1.38
A116: Arbonia Formel
A117: Zehnder | B117: ='Zehnder Charl. Tabelle'!C17 -> 1.28 | C117: ='Zehnder Charl. Tabelle'!D17 -> 1.28 | D117: ='Zehnder Charl. Tabelle'!E17 -> 1.28 | E117: ='Zehnder Charl. Tabelle'!F17 -> 1.28 | F117: ='Zehnder Charl. Tabelle'!G17 -> 1.27 | G117: ='Zehnder Charl. Tabelle'!H17 -> 1.27 | H117: ='Zehnder Charl. Tabelle'!I17 -> 1.27 | I117: ='Zehnder Charl. Tabelle'!J17 -> 1.27 | ... U117: ='Zehnder Charl. Tabelle'!V17 -> 1.33
A118: Zehnder Formel
A119: IRSAP | C119: ='IRSAP Tabelle'!D15 -> 1.293 | D119: ='IRSAP Tabelle'!E15 -> 1.302 | E119: ='IRSAP Tabelle'!G15 -> 1.31 | F119: ='IRSAP Tabelle'!H15 -> 1.319 | G119: ='IRSAP Tabelle'!I15 -> 1.327 | H119: ='IRSAP Tabelle'!K15 -> 1.336 | I119: ='IRSAP Tabelle'!M15 -> 1.345 | J119: ='IRSAP Tabelle'!Q15 -> 1.37 | K119: ='IRSAP Tabelle'!V15 -> 1.396 | L119: ='IRSAP Tabelle'!W15 -> 1.388 | N119: ='IRSAP Tabelle'!X15 -> 1.371 | O119: ='IRSAP Tabelle'!Y15 -> 1.346 | P119: ='IRSAP Tabelle'!Z15 -> 1.334 | Q119: ='IRSAP Tabelle'!AA15 -> 1.33 | R119: ='IRSAP Tabelle'!AB15 -> 1.327 | S119: ='IRSAP Tabelle'!AC15 -> 1.322
A120: IRSAP Formel
A121: Cordivari | C121: ='Cordivari Tabelle'!D15 -> 1.322 | E121: ='Cordivari Tabelle'!E15 -> 1.313 | G121: ='Cordivari Tabelle'!F15 -> 1.305 | H121: ='Cordivari Tabelle'!G15 -> 1.3 | I121: ='Cordivari Tabelle'!I15 -> 1.296 | J121: ='Cordivari Tabelle'!M15 -> 1.284 | L121: ='Cordivari Tabelle'!S15 -> 1.296 | N121: ='Cordivari Tabelle'!T15 -> 1.345 | O121: ='Cordivari Tabelle'!U15 -> 1.418 | P121: ='Cordivari Tabelle'!W15 -> 1.396 | Q121: ='Cordivari Tabelle'!Y15 -> 1.382 | R121: ='Cordivari Tabelle'!AA15 -> 1.367 | S121: ='Cordivari Tabelle'!AB15 -> 1.345
A122: Cordivari Formel
A123: FIR Iron | C123: ='FIR Iron'!D15 -> 1.25 | D123: ='FIR Iron'!E15 -> 1.26 | E123: ='FIR Iron'!G15 -> 1.26 | F123: ='FIR Iron'!I15 -> 1.27 | G123: ='FIR Iron'!J15 -> 1.28 | H123: ='FIR Iron'!K15 -> 1.28 | I123: ='FIR Iron'!M15 -> 1.29 | J123: ='FIR Iron'!O15 -> 1.3 | K123: ='FIR Iron'!Q15 -> 1.31 | L123: ='FIR Iron'!S15 -> 1.32 | M123: ='FIR Iron'!U15 -> 1.33 | N123: ='FIR Iron'!V15 -> 1.33 | O123: ='FIR Iron'!W15 -> 1.34 | P123: ='FIR Iron'!X15 -> 1.35 | Q123: ='FIR Iron'!Y15 -> 1.34 | R123: ='FIR Iron'!Z15 -> 1.34 | S123: ='FIR Iron'!AA15 -> 1.32 | T123: ='FIR Iron'!AB15 -> 1.3 | U123: ='FIR Iron'!AC15 -> 1.28
A124: FIR Iron Formel
A125: Mittelwert | B125: =AVERAGE(B115,B117,B119,B121,B123) -> 1.32 | C125: =AVERAGE(C115,C117,C119,C121,C123) -> 1.307 | D125: =AVERAGE(D115,D117,D119,D121,D123) -> 1.313 | E125: =AVERAGE(E115,E117,E119,E121,E123) -> 1.3146 | F125: =AVERAGE(F115,F117,F119,F121,F123) -> 1.31725 | G125: =AVERAGE(G115,G117,G119,G121,G123) -> 1.3184 | H125: =AVERAGE(H115,H117,H119,H121,H123) -> 1.3192 | I125: =AVERAGE(I115,I117,I119,I121,I123) -> 1.3222 | ... U125: =AVERAGE(U115,U117,U119,U121,U123) -> 1.33
A126: Mittelwert Formel | B126: =-0.00000002*B114^2+0.00006*B114 + 1.2931 -> 1.307348 | C126: =-0.00000002*C114^2+0.00006*C114 + 1.2931 -> 1.3093 | D126: =-0.00000002*D114^2+0.00006*D114 + 1.2931 -> 1.31165 | E126: =-0.00000002*E114^2+0.00006*E114 + 1.2931 -> 1.3139 | F126: =-0.00000002*F114^2+0.00006*F114 + 1.2931 -> 1.31605 | G126: =-0.00000002*G114^2+0.00006*G114 + 1.2931 -> 1.3181 | H126: =-0.00000002*H114^2+0.00006*H114 + 1.2931 -> 1.32005 | I126: =-0.00000002*I114^2+0.00006*I114 + 1.2931 -> 1.3219 | ... U126: =-0.00000002*U114^2+0.00006*U114 + 1.2931 -> 1.2931
B127: =(B126-B125)/B125 -> -0.0095848485 | C127: =(C126-C125)/C125 -> 0.0017597552 | D127: =(D126-D125)/D125 -> -0.0010281797 | E127: =(E126-E125)/E125 -> -0.00053248136 | F127: =(F126-F125)/F125 -> -0.0009109888 | G127: =(G126-G125)/G125 -> -0.00022754854 | H127: =(H126-H125)/H125 -> 0.0006443299 | I127: =(I126-I125)/I125 -> -0.00022689457 | ... U127: =(U126-U125)/U125 -> -0.027744361
W128: Hersteller | X128: Modell
A129: max | B129: =MAX(B115,B117,B119,B121,B123) -> 1.36 | C129: =MAX(C115,C117,C119,C121,C123) -> 1.39 | D129: =MAX(D115,D117,D119,D121,D123) -> 1.41 | E129: =MAX(E115,E117,E119,E121,E123) -> 1.41 | F129: =MAX(F115,F117,F119,F121,F123) -> 1.41 | G129: =MAX(G115,G117,G119,G121,G123) -> 1.41 | H129: =MAX(H115,H117,H119,H121,H123) -> 1.41 | I129: =MAX(I115,I117,I119,I121,I123) -> 1.41 | ... U129: =MAX(U115,U117,U119,U121,U123) -> 1.38 | W129: =MAX(A129:U129) -> 1.418 | X129: =MAX(A126:U126) -> 1.3381 | Y129: =(X129-W129)/W129 -> -0.056346968
...

Sheet Buch_Krupp
A1: Gussradiatoren nach DIN 4720 (Jan. 1961) | L1: GUSSRADIATOREN | M1: Leistung (W) tv: 90 °C, tr: 70 °C, ti: 20 °C | O1: Bauhöhe | T1: STAHLRADIATOREN | U1: Leistung (W) tv: 90 °C, tr: 70 °C, ti: 20 °C | W1: Bauhöhe | AB1: Norm-Wärmeleistung je Glied von Stahlrohrradiatoresn in W bei Warmwasser mit tm: 80 °C und Ti: 20 °C. Rohrdurchmesser 25 mm und Gliedbaulänge 45 mm
M2: ti: 20 °C | O2: 28 | P2: 43 | Q2: 58 | R2: 90 | U2: ti: 20 °C | W2: 30 | X2: 45 | Y2: 60 | Z2: 100
A3: Abmessungen und Gewichte | M3: Bautiefe | N3: 7 | R3: 112 | U3: Bautiefe | V3: 11 | Y3: 73 | Z3: 122
A4: Nebenabstand | B4: Bauhöhe | C4: Bautiefe (mm), Heizfläche (m2) und Gewicht pro Glied (kg) | N4: 11 | Q4: 92 | V4: 16 | X4: 74 | Y4: 99 | Z4: 157
A5: mm | B5: mm | C5: mm | D5: m2 | E5: kg | F5: mm | G5: m2 | H5: kg | I5: mm | J5: m2 | K5: kg | N5: 16 | P5: 93 | Q5: 126 | R5: 205 | V5: 22 | X5: 99 | Y5: 128 | Z5: 204
A6: 200 | B6: 280 | I6: 250 | J6: 0.185 | K6: 4.7 | N6: 22 | P6: 123 | Q6: 163 | R6: 261 | V6: 25 | W6: 77
A7: 350 | B7: 430 | F7: 160 | G7: 0.185 | H7: 4.5 | I7: 220 | J7: 0.255 | K7: 5.3 | N7: 25 | O7: 92
A8: 500 | B8: 580 | C8: 110 | D8: 0.18 | E8: 4.1 | F8: 160 | G8: 0.255 | H8: 5.4 | I8: 220 | J8: 0.345 | K8: 7.1 | M8: Oberfläche (m2) | O8: Bauhöhe | U8: Oberfläche (m2) | W8: Bauhöhe
A9: 900 | B9: 980 | C9: 70 | D9: 0.205 | E9: 5.1 | F9: 160 | G9: 0.44 | H9: 9.6 | I9: 220 | J9: 0.58 | K9: 12.5 | O9: 28 | P9: 43 | Q9: 58 | R9: 90 | W9: 30 | X9: 45 | Y9: 60 | Z9: 100
M10: Bautiefe | N10: 7 | R10: 0.205 | U10: Bautiefe | V10: 11 | Y10: 0.14 | Z10: 0.24
N11: 11 | Q11: 0.18 | V11: 16 | X11: 0.155 | Y11: 0.205 | Z11: 0.345
A12: Baulänge pro Glied 60 mm | N12: 16 | P12: 0.185 | Q12: 0.255 | R12: 0.44 | V12: 22 | X12: 0.21 | Y12: 0.285 | Z12: 0.48
N13: 22 | P13: 0.255 | Q13: 0.345 | R13: 0.58 | V13: 25 | W13: 0.16
A14: Stahlradiatoren nach DIN 4720 (Jan. 1961) | N14: 25 | O14: 0.185
M15: Leistung (W) tv: 90 °C, tr: 70 °C, ti: 10 °C | O15: Bauhöhe | U15: Leistung (W) tv: 90 °C, tr: 70 °C, ti: 10 °C | W15: Bauhöhe
A16: Abmessungen und Gewichte | M16: ti: 10 °C | O16: 28 | P16: 43 | Q16: 58 | R16: 90 | U16: ti: 10 °C | W16: 30 | X16: 45 | Y16: 60 | Z16: 100
A17: Nebenabstand | B17: Bauhöhe | C17: Bautiefe (mm), Heizfläche (m2) und Gewicht pro Glied (kg) | M17: Bautiefe | N17: 7 | R17: 136 | U17: Bautiefe | V17: 11 | Y17: 89 | Z17: 149
A18: mm | B18: mm | C18: mm | D18: m2 | E18: kg | F18: mm | G18: m2 | H18: kg | I18: mm | J18: m2 | K18: kg | N18: 11 | Q18: 112 | V18: 16 | X18: 91 | Y18: 121 | Z18: 192
A19: 200 | B19: 300 | I19: 250 | J19: 0.16 | K19: 1.7 | N19: 16 | P19: 114 | Q19: 153 | R19: 250 | V19: 22 | X19: 121 | Y19: 156 | Z19: 248
A20: 350 | B20: 450 | F20: 160 | G20: 0.155 | H20: 1.55 | I20: 220 | J20: 0.21 | K20: 2.2 | N20: 22 | P20: 150 | Q20: 199 | R20: 318 | V20: 25 | W20: 94
A21: 500 | B21: 600 | C21: 110 | D21: 0.14 | E21: 1.43 | F21: 160 | G21: 0.205 | H21: 2.06 | I21: 220 | J21: 0.285 | K21: 2.88 | N21: 25 | O21: 112
A22: 900 | B22: 1000 | C22: 110 | D22: 0.24 | E22: 2.43 | F22: 160 | G22: 0.345 | H22: 3.48 | I22: 220 | J22: 0.48 | K22: 4.83 | M22: Leistung (W) tv: 90 °C, tr: 70 °C, ti: 15 °C | O22: Bauhöhe | U22: Leistung (W) tv: 90 °C, tr: 70 °C, ti: 15 °C | W22: Bauhöhe
M23: ti: 15 °C | O23: 28 | P23: 43 | Q23: 58 | R23: 90 | U23: ti: 15 °C | W23: 30 | X23: 45 | Y23: 60 | Z23: 100
M24: Bautiefe | N24: 7 | R24: 124 | U24: Bautiefe | V24: 11 | Y24: 81 | Z24: 136
A25: Baulänge pro Glied 50 mm | N25: 11 | Q25: 102 | V25: 16 | X25: 83 | Y25: 110 | Z25: 174
N26: 16 | P26: 103 | Q26: 139 | R26: 227 | V26: 22 | X26: 110 | Y26: 142 | Z26: 226
N27: 22 | P27: 137 | Q27: 181 | R27: 289 | V27: 25 | W27: 85
N28: 25 | O28: 102
M29: Leistung (W) tv: 90 °C, tr: 70 °C, ti: 24 °C | O29: Bauhöhe | U29: Leistung (W) tv: 90 °C, tr: 70 °C, ti: 24 °C | W29: Bauhöhe
M30: ti: 24 °C | O30: 28 | P30: 43 | Q30: 58 | R30: 90 | U30: ti: 24 °C | W30: 30 | X30: 45 | Y30: 60 | Z30: 100
M31: Bautiefe | N31: 7 | R31: 102 | U31: Bautiefe | V31: 11 | Y31: 67 | Z31: 111
N32: 11 | Q32: 84 | V32: 16 | X32: 68 | Y32: 90 | Z32: 143
N33: 16 | P33: 85 | Q33: 114 | R33: 186 | V33: 22 | X33: 90 | Y33: 116 | Z33: 185
N34: 22 | P34: 112 | Q34: 148 | R34: 237 | V34: 25 | W34: 70
N35: 25 | O35: 84
M36: Leistung (W) tv: 75 °C, tr: 65 °C, ti: 20 °C | O36: Bauhöhe | U36: Leistung (W) tv: 75 °C, tr: 65 °C, ti: 20 °C | W36: Bauhöhe
M37: ti: 20 °C | O37: 28 | P37: 43 | Q37: 58 | R37: 90 | U37: ti: 20 °C | W37: 30 | X37: 45 | Y37: 60 | Z37: 100
M38: Bautiefe | N38: 7 | R38: =R3*('Basis Radiator'!$E$62/'Basis Radiator'!$F$62)^1.3 -> 89.060246 | U38: Bautiefe | V38: 11 | Y38: =Y3*('Basis Radiator'!$E$62/'Basis Radiator'!$F$62)^1.3 -> 58.048196 | Z38: 112
N39: 11 | Q39: =Q4*('Basis Radiator'!$E$62/'Basis Radiator'!$F$62)^1.3 -> 73.156631 | V39: 16 | X39: =X4*('Basis Radiator'!$E$62/'Basis Radiator'!$F$62)^1.3 -> 58.843377 | Y39: =Y4*('Basis Radiator'!$E$62/'Basis Radiator'!$F$62)^1.3 -> 78.722896 | Z39: =Z4*('Basis Radiator'!$E$62/'Basis Radiator'!$F$62)^1.3 -> 124.84338
N40: 16 | P40: =P5*('Basis Radiator'!$E$62/'Basis Radiator'!$F$62)^1.3 -> 73.951812 | Q40: =Q5*('Basis Radiator'!$E$62/'Basis Radiator'!$F$62)^1.3 -> 100.19278 | R40: =R5*('Basis Radiator'!$E$62/'Basis Radiator'!$F$62)^1.3 -> 163.01206 | V40: 22 | X40: =X5*('Basis Radiator'!$E$62/'Basis Radiator'!$F$62)^1.3 -> 78.722896 | Y40: =Y5*('Basis Radiator'!$E$62/'Basis Radiator'!$F$62)^1.3 -> 101.78314 | Z40: =Z5*('Basis Radiator'!$E$62/'Basis Radiator'!$F$62)^1.3 -> 162.21688
N41: 22 | P41: =P6*('Basis Radiator'!$E$62/'Basis Radiator'!$F$62)^1.3 -> 97.807235 | Q41: =Q6*('Basis Radiator'!$E$62/'Basis Radiator'!$F$62)^1.3 -> 129.61447 | R41: =R6*('Basis Radiator'!$E$62/'Basis Radiator'!$F$62)^1.3 -> 207.54218 | V41: 25 | W41: =W6*('Basis Radiator'!$E$62/'Basis Radiator'!$F$62)^1.3 -> 61.228919
N42: 25 | O42: =O7*('Basis Radiator'!$E$62/'Basis Radiator'!$F$62)^1.3 -> 73.156631
O44: Leistung (W)
N45: Oberfläche (m2) | O45: tv: 75 °C, tr: 65 °C, ti: 20 °C | P45: tv: 90 °C, tr: 70 °C, ti: 20 °C
N46: =Q11 -> 0.18 | O46: =Q39 -> 73.156631 | P46: =Q4 -> 92
N47: =O14 -> 0.185 | O47: =O42 -> 73.156631 | P47: =P5 -> 93
N48: =P12 -> 0.185 | O48: =P40 -> 73.951812 | P48: =O7 -> 92
N49: =R10 -> 0.205 | O49: =R38 -> 89.060246 | P49: =R3 -> 112
N50: =P13 -> 0.255 | O50: =P41 -> 97.807235 | P50: =P6 -> 123
N51: =Q12 -> 0.255 | O51: =Q40 -> 100.19278 | P51: =Q5 -> 126
N52: =Q13 -> 0.345 | O52: =Q41 -> 129.61447 | P52: =Q6 -> 163
N53: =R12 -> 0.44 | O53: =R40 -> 163.01206 | P53: =R5 -> 205
N54: =R13 -> 0.58 | O54: =R41 -> 207.54218 | P54: =R6 -> 261

Sheet Wärmetransfer_Krupp
A1: Strahlungsanteil | K1: https://www.heizsparer.de/heizung/heizkorper/die-wichtigsten-heizkoerper-typen-im-ueberblick | Q1: Seite 351. Bild 8.24 Wärmestrome (W/m) von wasserbeheizten, ungedämmten Stahlrohrleitungen an die Umgebung in Abhängigkeit von der Temperatur und den Nenndurchmesser
C2: [1] | D2: [2, 3] | F2: [1] | G2: VDI_Wärmeatlas. 4- Aufl. Düsseldorf: VDI-Verlag 1984 | L2: Heizfläche | M2: Anteil Strahlungswärme | N2: (Durchschnitt) | Q2: Waagerechtes Rohr | R2: Durchmesser | S2: Basis: W: 0.5 m/s; λR: 50 W/(mK); ε: 0.92 | AA2: Senrechtes Rohr | AB2: Durchmesser
A3: Gliederheizkörper | C3: 0.25 | D3: 0.21-0.36 | F3: [2] | G3: Kast & Klan. Energieeinsparungsmöglichkeiten in Zentralheizungsanlagen - Einfluss der Vorlauftemperatur des Heizsystems auf den Energieverbrauch und die Wärmeabgabe von Heizkörper. Forschungsbericht des Bundesministeriums dür Forschung und Technologie. 1984 | L3: Flächenheizung | M3: Fußbodenheizung | N3: 0.95 | P3: Atlog | R3: 17.2 | S3: 21.3 | T3: 26.9 | U3: 33.7 | V3: 42.4 | W3: 48.3 | X3: 60.3 | Z3: Atlog | AB3: 17.2 | AC3: 21.3 | AD3: 26.9 | AE3: 33.7 | AF3: 42.4 | AG3: 48.3 | AH3: 60.3
A4: Einreihige Plattenheizkörper ohne Konvektionsteil | C4: 0.4 | D4: 0.4-0.57 | F4: [3] | G4: Schlapmann. Wärmestrahlung von Raumheizkörper. Haustechnische Rundschau (1987) Heft 2 | M4: Wandheizung | N4: 0.9 | Q4: 10 | U4: 10.8 | V4: 13.25 | W4: 14.9 | X4: 17.3 | AA4: 10 | AE4: 11.8 | AF4: 13.25 | AG4: 14.9 | AH4: 17.3
A5: Einreihige Plattenheizkörper mit Konvektionsteil und zweireihige Plattenheizkörper ohne Konvektionsteil | C5: 0.25 | D5: 0.33-0.42 | F5: [4] | G5: Glück. Wärmeübertragung. Wärmeabgabe von Raumheizflächen und Rohren | L5: DIN Radiator | M5: Stahl | N5: 0.4 | Q5: 12 | T5: 10.9 | U5: 13.4 | V5: 16.8 | W5: 17 | X5: 22 | AA5: 12 | AE5: 11.6 | AF5: 14.7 | AG5: 16.8 | AH5: 19.5
A6: Zwei- und mehrreihige Plattenheizkörper mit Konvektionsteil | C6: 0.15 | D6: 0.18-0.30 | M6: Guss | N6: 0.35 | Q6: 14 | S6: 10.4 | T6: 12.8 | U6: 15.2 | V6: 20 | W6: 22.5 | X6: 26 | AA6: 14 | AD6: 10.8 | AE6: 13.8 | AF6: 17 | AG6: 20 | AH6: 23.5
A7: Konvektoren | C7: 0 | D7: 0.11 | L7: Röhrenradiator | M7: 2-Säuler | N7: 0.4 | Q7: 16 | R7: 10.4 | S7: 11.8 | T7: 15 | U7: 18.2 | V7: 22.5 | W7: 25 | X7: 30 | AA7: 16 | AC7: 10.1 | AD7: 12.8 | AE7: 16 | AF7: 20 | AG7: 22.8 | AH7: 27
A8: Füssbodenheizungen | D8: 0.55-.70 | M8: 4-Säuler | N8: 0.25 | Q8: 18 | R8: 11.8 | S8: 14.8 | T8: 17.5 | U8: 21.5 | V8: 26 | W8: 29 | X8: 34.5 | AA8: 18 | AC8: 12 | AD8: 14.8 | AE8: 18.5 | AF8: 23.4 | AG8: 26.5 | AH8: 31.5
M9: 6-Säuler | N9: 0.2 | Q9: 20 | R9: 13.2 | S9: 16 | T9: 19.5 | U9: 23.8 | V9: 29.5 | W9: 33 | X9: 39 | AA9: 20 | AB9: 10.9 | AC9: 13 | AD9: 16.8 | AE9: 20.9 | AF9: 26 | AG9: 29.5 | AH9: 35
A10: Plattenheizkörper: P (Plattengrundkörper), S (Sekundärheizfläche)) | C10: [4] | L10: Plattenheizkörper | M10: Typ 10 | N10: 0.55 | Q10: 25 | R10: 17.5 | S10: 21.2 | T10: 25.5 | U10: 31.4 | V10: 38.5 | W10: 42.5 | X10: 50.5 | AA10: 25 | AB10: 14 | AC10: 17.5 | AD10: 22 | AE10: 27 | AF10: 34 | AG10: 39 | AH10: 46
A11: PS | C11: 0.30-0.40 | M11: Typ 11 | N11: 0.35 | Q11: 30 | R11: 22 | S11: 26.2 | T11: 32 | U11: 39.5 | V11: 48 | W11: 53 | X11: 63.5 | AA11: 30 | AB11: 17.5 | AC11: 22 | AD11: 27 | AE11: 34 | AF11: 43 | AG11: 48 | AH11: 57
A12: PSSP | C12: 0.15-0.20 | M12: Typ 21 | N12: 0.3 | Q12: 35 | R12: 25.5 | S12: 31.4 | T12: 36 | U12: 48 | V12: 60 | W12: 63 | X12: 75 | AA12: 35 | AB12: 21 | AC12: 26 | AD12: 34 | AE12: 41 | AF12: 52 | AG12: 59.5 | AH12: 70
A13: PSPSSP | C13: 0.15 | M13: Typ 22 | N13: 0.25 | Q13: 40 | R13: 31 | S13: 37 | T13: 45 | U13: 56 | V13: 68 | W13: 77 | X13: 89 | AA13: 40 | AB13: 24.5 | AC13: 30.3 | AD13: 38.9 | AE13: 48.5 | AF13: 60 | AG13: 68.5 | AH13: 80
A14: SPSSPSSPS | C14: 0.05 | M14: Typ 33 | N14: 0.2 | Q14: 50 | R14: 41.5 | S14: 49.7 | T14: 59.5 | U14: 73 | V14: 90 | W14: 101 | X14: 120 | AA14: 50 | AB14: 32.5 | AC14: 40 | AD14: 50.5 | AE14: 62.5 | AF14: 79 | AG14: 90 | AH14: 109
L15: Konvektor | M15: mit Stahlblechverkleidung | N15: 0.05 | Q15: 60 | R15: 51 | S15: 61 | T15: 74.5 | U15: 91 | V15: 114 | W15: 128 | X15: 150 | AA15: 60 | AB15: 40 | AC15: 50 | AD15: 63.5 | AE15: 79 | AF15: 100 | AG15: 114 | AH15: 136
M16: Unterflurkonvektor | N16: <5 % | Q16: 70 | R16: 62.5 | S16: 75 | T16: 91 | U16: 112 | V16: 140 | W16: 157 | X16: 180 | AA16: 70 | AB16: 49.5 | AC16: 61 | AD16: 77 | AE16: 96 | AF16: 123 | AG16: 138 | AH16: 155
Q17: 80 | R17: 73 | S17: 99 | T17: 110 | U17: 130 | V17: 160 | W17: 180 | AA17: 80 | AB17: 59 | AC17: 74 | AD17: 93 | AE17: 113 | AF17: 145 | AG17: 160 | AH17: 195
A18: Heizflächenexponent (n) | D18: Diese Exponent kann maximal im èbertemperaturbereich von 30 K < Δtlog < 100 K | R18: =E4-5*Q18^3+0.0088*Q18^2+0.4698*Q18+0.7613 -> 0.7613
A19: Radiatoren | B19: 1.3
A20: Plattenheizkörper | B20: 1.25-1.38
A21: Konvektortruhen | B21: 1.30-1.40
A22: Rohre | B22: 1.25-1.26
A23: Strahlplatten | B23: 1.15-1.25
A24: Fussbodenheizung | B24: 1.00-1.15 | Q24: Zoll | R24: DN | S24: Aussendurchmesser [mm] | T24: Innendurchmesser [mm]
Q25: 3/8" | R25: DN 10 | S25: 17.2 | T25: 13.6
Q26: 1/2" | R26: DN 15 | S26: 21.3 | T26: 17.5
A27: Bei kurzen Heizkörpern (geringe Gliedzahlen) ist wegen der relativ günstigeren Abstrahlung die Leistung geringfügig höher als bei langen Heizkörper. | Q27: 3/4" | R27: DN 20 | S27: 26.9 | T27: 22.9
A28: Die Unterschied kann aber vernachlässigt werden, so dass man mit einer konstanten Gliederleistung rechnen kann | Q28: 1" | R28: DN 25 | S28: 33.7 | T28: 29.9
Q29: 1 1/4" | R29: DN 32 | S29: 42.4 | T29: 38
Q30: 1 1/2" | R30: DN 40 | S30: 48.3 | T30: 43.9
Q31: 2" | R31: DN 50 | S31: 60.3 | T31: 55.9
X47: =-0.00004 -> -4e-05
Q56: Waagerechtes Rohr | R56: Durchmesser | S56: Basis: W: 0.5 m/s; λR: 50 W/(mK); ε: 0.92 | AB56: Senrechtes Rohr | AC56: Durchmesser
R57: 17.2 | S57: 21.3 | T57: 26.9 | U57: 33.7 | V57: 42.4 | W57: 48.3 | X57: 60.3 | AC57: 17.2 | AD57: 21.3 | AE57: 26.9 | AF57: 33.7 | AG57: 42.4 | AH57: 48.3 | AI57: 60.3
Q58: 10 | U58: =0.005*Q58^2 + 1.2759*Q58 - 3.16 -> 10.099 | V58: =0.0064*Q58^2 + 1.5641*Q58 - 3.7326 -> 12.5484 | W58: =0.008*Q58^2 + 1.6994*Q58 - 4.0845 -> 13.7095 | X58: =0.0106*Q58^2 + 1.8917*Q58 - 2.8417 -> 17.1353 | AB58: 10 | AF58: =0.0053*AB58^2 + 1.0037*AB58 - 0.8355 -> 9.7315 | AG58: =0.0075*AB58^2 + 1.2373*AB58 - 1.2004 -> 11.9226 | AH58: =0.0066*AB58^2 + 1.5296*AB58 - 2.7819 -> 13.1741 | AI58: =0.0086*AB58^2 + 1.7426*AB58 - 2.4777 -> 15.8083
Q59: 12 | T59: =0.0064*Q59^2 + 0.8663*Q59 - 0.3996 -> 10.9176 | U59: =0.005*Q59^2 + 1.2759*Q59 - 3.16 -> 12.8708 | V59: =0.0064*Q59^2 + 1.5641*Q59 - 3.7326 -> 15.9582 | W59: =0.008*Q59^2 + 1.6994*Q59 - 4.0845 -> 17.4603 | X59: =0.0106*Q59^2 + 1.8917*Q59 - 2.8417 -> 21.3851 | AB59: 12 | AF59: =0.0053*AB59^2 + 1.0037*AB59 - 0.8355 -> 11.9721 | AG59: =0.0075*AB59^2 + 1.2373*AB59 - 1.2004 -> 14.7272 | AH59: =0.0066*AB59^2 + 1.5296*AB59 - 2.7819 -> 16.5237 | AI59: =0.0086*AB59^2 + 1.7426*AB59 - 2.4777 -> 19.6719
Q60: 14 | S60: =0.0082*Q60^2 + 0.5162*Q60 + 2.4882 -> 11.3222 | T60: =0.0064*Q60^2 + 0.8663*Q60 - 0.3996 -> 12.983 | U60: =0.005*Q60^2 + 1.2759*Q60 - 3.16 -> 15.6826 | V60: =0.0064*Q60^2 + 1.5641*Q60 - 3.7326 -> 19.4192 | W60: =0.008*Q60^2 + 1.6994*Q60 - 4.0845 -> 21.2751 | X60: =0.0106*Q60^2 + 1.8917*Q60 - 2.8417 -> 25.7197 | AB60: 14 | AE60: =0.0053*AB58^2 + 1.0037*AB58 - 0.8355 -> 9.7315 | AF60: =0.0053*AB60^2 + 1.0037*AB60 - 0.8355 -> 14.2551 | AG60: =0.0075*AB60^2 + 1.2373*AB60 - 1.2004 -> 17.5918 | AH60: =0.0066*AB60^2 + 1.5296*AB60 - 2.7819 -> 19.9261 | AI60: =0.0086*AB60^2 + 1.7426*AB60 - 2.4777 -> 23.6043
Q61: 16 | R61: =0.0028*Q61^2 + 0.7173*Q61 - 2.1502 -> 10.0434 | S61: =0.0077*Q61^2 + 0.5619*Q61 + 1.8479 -> 12.8095 | T61: =0.0064*Q61^2 + 0.8663*Q61 - 0.3996 -> 15.0996 | U61: =0.005*Q61^2 + 1.2759*Q61 - 3.16 -> 18.5344 | V61: =0.0064*Q61^2 + 1.5641*Q61 - 3.7326 -> 22.9314 | W61: =0.008*Q61^2 + 1.6994*Q61 - 4.0845 -> 25.1539 | X61: =0.0106*Q61^2 + 1.8917*Q61 - 2.8417 -> 30.1391 | AB61: 16 | AD61: 10.1 | AE61: =0.0053*AB59^2 + 1.0037*AB59 - 0.8355 -> 11.9721 | AF61: =0.0053*AB61^2 + 1.0037*AB61 - 0.8355 -> 16.5805 | AG61: =0.0075*AB61^2 + 1.2373*AB61 - 1.2004 -> 20.5164 | AH61: =0.0066*AB61^2 + 1.5296*AB61 - 2.7819 -> 23.3813 | AI61: =0.0086*AB61^2 + 1.7426*AB61 - 2.4777 -> 27.6055
Q62: 18 | R62: =0.0028*Q62^2 + 0.7173*Q62 - 2.1502 -> 11.6684 | S62: =0.0077*Q62^2 + 0.5619*Q62 + 1.8479 -> 14.4569 | T62: =0.0064*Q62^2 + 0.8663*Q62 - 0.3996 -> 17.2674 | U62: =0.005*Q62^2 + 1.2759*Q62 - 3.16 -> 21.4262 | V62: =0.0064*Q62^2 + 1.5641*Q62 - 3.7326 -> 26.4948 | W62: =0.008*Q62^2 + 1.6994*Q62 - 4.0845 -> 29.0967 | X62: =0.0106*Q62^2 + 1.8917*Q62 - 2.8417 -> 34.6433 | AB62: 18 | AD62: 12 | AE62: =0.0053*AB60^2 + 1.0037*AB60 - 0.8355 -> 14.2551 | AF62: =0.0053*AB62^2 + 1.0037*AB62 - 0.8355 -> 18.9483 | AG62: =0.0075*AB62^2 + 1.2373*AB62 - 1.2004 -> 23.501 | AH62: =0.0066*AB62^2 + 1.5296*AB62 - 2.7819 -> 26.8893 | AI62: =0.0086*AB62^2 + 1.7426*AB62 - 2.4777 -> 31.6755
Q63: 20 | R63: =0.0028*Q63^2 + 0.7173*Q63 - 2.1502 -> 13.3158 | S63: =0.0077*Q63^2 + 0.5619*Q63 + 1.8479 -> 16.1659 | T63: =0.0064*Q63^2 + 0.8663*Q63 - 0.3996 -> 19.4864 | U63: =0.005*Q63^2 + 1.2759*Q63 - 3.16 -> 24.358 | V63: =0.0064*Q63^2 + 1.5641*Q63 - 3.7326 -> 30.1094 | W63: =0.008*Q63^2 + 1.6994*Q63 - 4.0845 -> 33.1035 | X63: =0.0106*Q63^2 + 1.8917*Q63 - 2.8417 -> 39.2323 | AB63: 20 | AC63: 10.9 | AD63: 13 | AE63: =0.0053*AB61^2 + 1.0037*AB61 - 0.8355 -> 16.5805 | AF63: =0.0053*AB63^2 + 1.0037*AB63 - 0.8355 -> 21.3585 | AG63: =0.0075*AB63^2 + 1.2373*AB63 - 1.2004 -> 26.5456 | AH63: =0.0066*AB63^2 + 1.5296*AB63 - 2.7819 -> 30.4501 | AI63: =0.0086*AB63^2 + 1.7426*AB63 - 2.4777 -> 35.8143
Q64: 25 | R64: =0.0028*Q64^2 + 0.7173*Q64 - 2.1502 -> 17.5323 | S64: =0.0077*Q64^2 + 0.5619*Q64 + 1.8479 -> 20.7079 | T64: =0.0064*Q64^2 + 0.8663*Q64 - 0.3996 -> 25.2579 | U64: =0.005*Q64^2 + 1.2759*Q64 - 3.16 -> 31.8625 | V64: =0.0064*Q64^2 + 1.5641*Q64 - 3.7326 -> 39.3699 | W64: =0.008*Q64^2 + 1.6994*Q64 - 4.0845 -> 43.4005 | X64: =0.0106*Q64^2 + 1.8917*Q64 - 2.8417 -> 51.0758 | AB64: 25 | AC64: 14 | AD64: 17.5 | AE64: =0.0053*AB62^2 + 1.0037*AB62 - 0.8355 -> 18.9483 | AF64: =0.0053*AB64^2 + 1.0037*AB64 - 0.8355 -> 27.5695 | AG64: =0.0075*AB64^2 + 1.2373*AB64 - 1.2004 -> 34.4196 | AH64: =0.0066*AB64^2 + 1.5296*AB64 - 2.7819 -> 39.5831 | AI64: =0.0086*AB64^2 + 1.7426*AB64 - 2.4777 -> 46.4623
Q65: 30 | R65: =0.0028*Q65^2 + 0.7173*Q65 - 2.1502 -> 21.8888 | S65: =0.0077*Q65^2 + 0.5619*Q65 + 1.8479 -> 25.6349 | T65: =0.0064*Q65^2 + 0.8663*Q65 - 0.3996 -> 31.3494 | U65: =0.005*Q65^2 + 1.2759*Q65 - 3.16 -> 39.617 | V65: =0.0064*Q65^2 + 1.5641*Q65 - 3.7326 -> 48.9504 | W65: =0.008*Q65^2 + 1.6994*Q65 - 4.0845 -> 54.0975 | X65: =0.0106*Q65^2 + 1.8917*Q65 - 2.8417 -> 63.4493 | AB65: 30 | AC65: 17.5 | AD65: 22 | AE65: =0.0053*AB63^2 + 1.0037*AB63 - 0.8355 -> 21.3585 | AF65: =0.0053*AB65^2 + 1.0037*AB65 - 0.8355 -> 34.0455 | AG65: =0.0075*AB65^2 + 1.2373*AB65 - 1.2004 -> 42.6686 | AH65: =0.0066*AB65^2 + 1.5296*AB65 - 2.7819 -> 49.0461 | AI65: =0.0086*AB65^2 + 1.7426*AB65 - 2.4777 -> 57.5403
Q66: 35 | R66: =0.0028*Q66^2 + 0.7173*Q66 - 2.1502 -> 26.3853 | S66: =0.0077*Q66^2 + 0.5619*Q66 + 1.8479 -> 30.9469 | T66: =0.0064*Q66^2 + 0.8663*Q66 - 0.3996 -> 37.7609 | U66: =0.005*Q66^2 + 1.2759*Q66 - 3.16 -> 47.6215 | V66: =0.0064*Q66^2 + 1.5641*Q66 - 3.7326 -> 58.8509 | W66: =0.008*Q66^2 + 1.6994*Q66 - 4.0845 -> 65.1945 | X66: =0.0106*Q66^2 + 1.8917*Q66 - 2.8417 -> 76.3528 | AB66: 35 | AC66: 21 | AD66: 26 | AE66: =0.0053*AB64^2 + 1.0037*AB64 - 0.8355 -> 27.5695 | AF66: =0.0053*AB66^2 + 1.0037*AB66 - 0.8355 -> 40.7865 | AG66: =0.0075*AB66^2 + 1.2373*AB66 - 1.2004 -> 51.2926 | AH66: =0.0066*AB66^2 + 1.5296*AB66 - 2.7819 -> 58.8391 | AI66: =0.0086*AB66^2 + 1.7426*AB66 - 2.4777 -> 69.0483
Q67: 40 | R67: =0.0028*Q67^2 + 0.7173*Q67 - 2.1502 -> 31.0218 | S67: =0.0077*Q67^2 + 0.5619*Q67 + 1.8479 -> 36.6439 | T67: =0.0064*Q67^2 + 0.8663*Q67 - 0.3996 -> 44.4924 | U67: =0.005*Q67^2 + 1.2759*Q67 - 3.16 -> 55.876 | V67: =0.0064*Q67^2 + 1.5641*Q67 - 3.7326 -> 69.0714 | W67: =0.008*Q67^2 + 1.6994*Q67 - 4.0845 -> 76.6915 | X67: =0.0106*Q67^2 + 1.8917*Q67 - 2.8417 -> 89.7863 | AB67: 40 | AC67: 24.5 | AD67: 30.3 | AE67: =0.0053*AB65^2 + 1.0037*AB65 - 0.8355 -> 34.0455 | AF67: =0.0053*AB67^2 + 1.0037*AB67 - 0.8355 -> 47.7925 | AG67: =0.0075*AB67^2 + 1.2373*AB67 - 1.2004 -> 60.2916 | AH67: =0.0066*AB67^2 + 1.5296*AB67 - 2.7819 -> 68.9621 | AI67: =0.0086*AB67^2 + 1.7426*AB67 - 2.4777 -> 80.9863
Q68: 50 | R68: =0.0028*Q68^2 + 0.7173*Q68 - 2.1502 -> 40.7148 | S68: =0.0077*Q68^2 + 0.5619*Q68 + 1.8479 -> 49.1929 | T68: =0.0064*Q68^2 + 0.8663*Q68 - 0.3996 -> 58.9154 | U68: =0.005*Q68^2 + 1.2759*Q68 - 3.16 -> 73.135 | V68: =0.0064*Q68^2 + 1.5641*Q68 - 3.7326 -> 90.4724 | W68: =0.008*Q68^2 + 1.6994*Q68 - 4.0845 -> 100.8855 | X68: =0.0106*Q68^2 + 1.8917*Q68 - 2.8417 -> 118.2433 | AB68: 50 | AC68: 32.5 | AD68: 40 | AE68: =0.0053*AB66^2 + 1.0037*AB66 - 0.8355 -> 40.7865 | AF68: =0.0053*AB68^2 + 1.0037*AB68 - 0.8355 -> 62.5995 | AG68: =0.0075*AB68^2 + 1.2373*AB68 - 1.2004 -> 79.4146 | AH68: =0.0066*AB68^2 + 1.5296*AB68 - 2.7819 -> 90.1981 | AI68: =0.0086*AB68^2 + 1.7426*AB68 - 2.4777 -> 106.1523
Q69: 60 | R69: =0.0028*Q69^2 + 0.7173*Q69 - 2.1502 -> 50.9678 | S69: =0.0077*Q69^2 + 0.5619*Q69 + 1.8479 -> 63.2819 | T69: =0.0064*Q69^2 + 0.8663*Q69 - 0.3996 -> 74.6184 | U69: =0.005*Q69^2 + 1.2759*Q69 - 3.16 -> 91.394 | V69: =0.0064*Q69^2 + 1.5641*Q69 - 3.7326 -> 113.1534 | W69: =0.008*Q69^2 + 1.6994*Q69 - 4.0845 -> 126.6795 | X69: =0.0106*Q69^2 + 1.8917*Q69 - 2.8417 -> 148.8203 | AB69: 60 | AC69: 40 | AD69: 50 | AE69: =0.0053*AB67^2 + 1.0037*AB67 - 0.8355 -> 47.7925 | AF69: =0.0053*AB69^2 + 1.0037*AB69 - 0.8355 -> 78.4665 | AG69: =0.0075*AB69^2 + 1.2373*AB69 - 1.2004 -> 100.0376 | AH69: =0.0066*AB69^2 + 1.5296*AB69 - 2.7819 -> 112.7541 | AI69: =0.0086*AB69^2 + 1.7426*AB69 - 2.4777 -> 133.0383
Q70: 70 | R70: =0.0028*Q70^2 + 0.7173*Q70 - 2.1502 -> 61.7808 | S70: =0.0077*Q70^2 + 0.5619*Q70 + 1.8479 -> 78.9109 | T70: =0.0064*Q70^2 + 0.8663*Q70 - 0.3996 -> 91.6014 | U70: =0.005*Q70^2 + 1.2759*Q70 - 3.16 -> 110.653 | V70: =0.0064*Q70^2 + 1.5641*Q70 - 3.7326 -> 137.1144 | W70: =0.008*Q70^2 + 1.6994*Q70 - 4.0845 -> 154.0735 | X70: =0.0106*Q70^2 + 1.8917*Q70 - 2.8417 -> 181.5173 | AB70: 70 | AC70: 49.5 | AD70: 61 | AE70: =0.0053*AB68^2 + 1.0037*AB68 - 0.8355 -> 62.5995 | AF70: =0.0053*AB70^2 + 1.0037*AB70 - 0.8355 -> 95.3935 | AG70: =0.0075*AB70^2 + 1.2373*AB70 - 1.2004 -> 122.1606 | AH70: =0.0066*AB70^2 + 1.5296*AB70 - 2.7819 -> 136.6301 | AI70: =0.0086*AB70^2 + 1.7426*AB70 - 2.4777 -> 161.6443
Q71: 80 | R71: =0.0028*Q71^2 + 0.7173*Q71 - 2.1502 -> 73.1538 | S71: =0.0077*Q71^2 + 0.5619*Q71 + 1.8479 -> 96.0799 | T71: =0.0064*Q71^2 + 0.8663*Q71 - 0.3996 -> 109.8644 | U71: =0.005*Q71^2 + 1.2759*Q71 - 3.16 -> 130.912 | V71: =0.0064*Q71^2 + 1.5641*Q71 - 3.7326 -> 162.3554 | W71: =0.008*Q71^2 + 1.6994*Q71 - 4.0845 -> 183.0675 | X71: =0.0106*Q71^2 + 1.8917*Q71 - 2.8417 -> 216.3343 | AB71: 80 | AC71: 59 | AD71: 74 | AE71: =0.0053*AB69^2 + 1.0037*AB69 - 0.8355 -> 78.4665 | AF71: =0.0053*AB71^2 + 1.0037*AB71 - 0.8355 -> 113.3805 | AG71: =0.0075*AB71^2 + 1.2373*AB71 - 1.2004 -> 145.7836 | AH71: =0.0066*AB71^2 + 1.5296*AB71 - 2.7819 -> 161.8261 | AI71: =0.0086*AB71^2 + 1.7426*AB71 - 2.4777 -> 191.9703

Sheet Arbonia Tabelle
A1: Leistung (W) | C1: Bauhöhe
A2: 75/65/20 °C | C2: 180 | D2: 190 | E2: 260 | F2: 300 | G2: 350 | H2: 400 | I2: 450 | J2: 500 | K2: 550 | L2: 600 | M2: 750 | N2: 900 | O2: 1000 | P2: 1100 | Q2: 1200 | R2: 1500 | S2: 1800 | T2: 2000 | U2: 2200 | V2: 2500 | W2: 2800 | X2: 3000
A3: Bautiefe | B3: 65 | C3: {=_xlfn.XLOOKUP(1,('Arbonia Original'!$A$2:$A$117=C$2)*('Arbonia Original'!$B$2:$B$117=$B3),'Arbonia Original'!$D$2:$D$117,"")} | D3: {=_xlfn.XLOOKUP(1,('Arbonia Original'!$A$2:$A$117=D$2)*('Arbonia Original'!$B$2:$B$117=$B3),'Arbonia Original'!$D$2:$D$117,"")} -> 15 | E3: {=_xlfn.XLOOKUP(1,('Arbonia Original'!$A$2:$A$117=E$2)*('Arbonia Original'!$B$2:$B$117=$B3),'Arbonia Original'!$D$2:$D$117,"")} -> 20 | F3: {=_xlfn.XLOOKUP(1,('Arbonia Original'!$A$2:$A$117=F$2)*('Arbonia Original'!$B$2:$B$117=$B3),'Arbonia Original'!$D$2:$D$117,"")} -> 24 | G3: {=_xlfn.XLOOKUP(1,('Arbonia Original'!$A$2:$A$117=G$2)*('Arbonia Original'!$B$2:$B$117=$B3),'Arbonia Original'!$D$2:$D$117,"")} -> 28 | H3: {=_xlfn.XLOOKUP(1,('Arbonia Original'!$A$2:$A$117=H$2)*('Arbonia Original'!$B$2:$B$117=$B3),'Arbonia Original'!$D$2:$D$117,"")} -> 31 | I3: {=_xlfn.XLOOKUP(1,('Arbonia Original'!$A$2:$A$117=I$2)*('Arbonia Original'!$B$2:$B$117=$B3),'Arbonia Original'!$D$2:$D$117,"")} -> 35 | J3: {=_xlfn.XLOOKUP(1,('Arbonia Original'!$A$2:$A$117=J$2)*('Arbonia Original'!$B$2:$B$117=$B3),'Arbonia Original'!$D$2:$D$117,"")} -> 39 | ... X3: {=_xlfn.XLOOKUP(1,('Arbonia Original'!$A$2:$A$117=X$2)*('Arbonia Original'!$B$2:$B$117=$B3),'Arbonia Original'!$D$2:$D$117,"")} -> 214 | Y3: ARB 2-Säule
B4: 105 | C4: {=_xlfn.XLOOKUP(1,('Arbonia Original'!$A$2:$A$117=C$2)*('Arbonia Original'!$B$2:$B$117=$B4),'Arbonia Original'!$D$2:$D$117,"")} | D4: {=_xlfn.XLOOKUP(1,('Arbonia Original'!$A$2:$A$117=D$2)*('Arbonia Original'!$B$2:$B$117=$B4),'Arbonia Original'!$D$2:$D$117,"")} -> 20 | E4: {=_xlfn.XLOOKUP(1,('Arbonia Original'!$A$2:$A$117=E$2)*('Arbonia Original'!$B$2:$B$117=$B4),'Arbonia Original'!$D$2:$D$117,"")} -> 28 | F4: {=_xlfn.XLOOKUP(1,('Arbonia Original'!$A$2:$A$117=F$2)*('Arbonia Original'!$B$2:$B$117=$B4),'Arbonia Original'!$D$2:$D$117,"")} -> 33 | G4: {=_xlfn.XLOOKUP(1,('Arbonia Original'!$A$2:$A$117=G$2)*('Arbonia Original'!$B$2:$B$117=$B4),'Arbonia Original'!$D$2:$D$117,"")} -> 38 | H4: {=_xlfn.XLOOKUP(1,('Arbonia Original'!$A$2:$A$117=H$2)*('Arbonia Original'!$B$2:$B$117=$B4),'Arbonia Original'!$D$2:$D$117,"")} -> 43 | I4: {=_xlfn.XLOOKUP(1,('Arbonia Original'!$A$2:$A$117=I$2)*('Arbonia Original'!$B$2:$B$117=$B4),'Arbonia Original'!$D$2:$D$117,"")} -> 48 | J4: {=_xlfn.XLOOKUP(1,('Arbonia Original'!$A$2:$A$117=J$2)*('Arbonia Original'!$B$2:$B$117=$B4),'Arbonia Original'!$D$2:$D$117,"")} -> 53 | ... X4: {=_xlfn.XLOOKUP(1,('Arbonia Original'!$A$2:$A$117=X$2)*('Arbonia Original'!$B$2:$B$117=$B4),'Arbonia Original'!$D$2:$D$117,"")} -> 270 | Y4: ARB 3-Säule
B5: 145 | C5: {=_xlfn.XLOOKUP(1,('Arbonia Original'!$A$2:$A$117=C$2)*('Arbonia Original'!$B$2:$B$117=$B5),'Arbonia Original'!$D$2:$D$117,"")} | D5: {=_xlfn.XLOOKUP(1,('Arbonia Original'!$A$2:$A$117=D$2)*('Arbonia Original'!$B$2:$B$117=$B5),'Arbonia Original'!$D$2:$D$117,"")} -> 27 | E5: {=_xlfn.XLOOKUP(1,('Arbonia Original'!$A$2:$A$117=E$2)*('Arbonia Original'!$B$2:$B$117=$B5),'Arbonia Original'!$D$2:$D$117,"")} -> 36 | F5: {=_xlfn.XLOOKUP(1,('Arbonia Original'!$A$2:$A$117=F$2)*('Arbonia Original'!$B$2:$B$117=$B5),'Arbonia Original'!$D$2:$D$117,"")} -> 43 | G5: {=_xlfn.XLOOKUP(1,('Arbonia Original'!$A$2:$A$117=G$2)*('Arbonia Original'!$B$2:$B$117=$B5),'Arbonia Original'!$D$2:$D$117,"")} -> 49 | H5: {=_xlfn.XLOOKUP(1,('Arbonia Original'!$A$2:$A$117=H$2)*('Arbonia Original'!$B$2:$B$117=$B5),'Arbonia Original'!$D$2:$D$117,"")} -> 56 | I5: {=_xlfn.XLOOKUP(1,('Arbonia Original'!$A$2:$A$117=I$2)*('Arbonia Original'!$B$2:$B$117=$B5),'Arbonia Original'!$D$2:$D$117,"")} -> 62 | J5: {=_xlfn.XLOOKUP(1,('Arbonia Original'!$A$2:$A$117=J$2)*('Arbonia Original'!$B$2:$B$117=$B5),'Arbonia Original'!$D$2:$D$117,"")} -> 69 | ... X5: {=_xlfn.XLOOKUP(1,('Arbonia Original'!$A$2:$A$117=X$2)*('Arbonia Original'!$B$2:$B$117=$B5),'Arbonia Original'!$D$2:$D$117,"")} -> 343 | Y5: ARB 4-Säule
B6: 185 | C6: {=_xlfn.XLOOKUP(1,('Arbonia Original'!$A$2:$A$117=C$2)*('Arbonia Original'!$B$2:$B$117=$B6),'Arbonia Original'!$D$2:$D$117,"")} -> 32 | D6: {=_xlfn.XLOOKUP(1,('Arbonia Original'!$A$2:$A$117=D$2)*('Arbonia Original'!$B$2:$B$117=$B6),'Arbonia Original'!$D$2:$D$117,"")} | E6: {=_xlfn.XLOOKUP(1,('Arbonia Original'!$A$2:$A$117=E$2)*('Arbonia Original'!$B$2:$B$117=$B6),'Arbonia Original'!$D$2:$D$117,"")} -> 45 | F6: {=_xlfn.XLOOKUP(1,('Arbonia Original'!$A$2:$A$117=F$2)*('Arbonia Original'!$B$2:$B$117=$B6),'Arbonia Original'!$D$2:$D$117,"")} -> 53 | G6: {=_xlfn.XLOOKUP(1,('Arbonia Original'!$A$2:$A$117=G$2)*('Arbonia Original'!$B$2:$B$117=$B6),'Arbonia Original'!$D$2:$D$117,"")} -> 61 | H6: {=_xlfn.XLOOKUP(1,('Arbonia Original'!$A$2:$A$117=H$2)*('Arbonia Original'!$B$2:$B$117=$B6),'Arbonia Original'!$D$2:$D$117,"")} -> 69 | I6: {=_xlfn.XLOOKUP(1,('Arbonia Original'!$A$2:$A$117=I$2)*('Arbonia Original'!$B$2:$B$117=$B6),'Arbonia Original'!$D$2:$D$117,"")} -> 77 | J6: {=_xlfn.XLOOKUP(1,('Arbonia Original'!$A$2:$A$117=J$2)*('Arbonia Original'!$B$2:$B$117=$B6),'Arbonia Original'!$D$2:$D$117,"")} -> 85 | ... X6: {=_xlfn.XLOOKUP(1,('Arbonia Original'!$A$2:$A$117=X$2)*('Arbonia Original'!$B$2:$B$117=$B6),'Arbonia Original'!$D$2:$D$117,"")} -> 394 | Y6: ARB 5-Säule
B7: 225 | C7: {=_xlfn.XLOOKUP(1,('Arbonia Original'!$A$2:$A$117=C$2)*('Arbonia Original'!$B$2:$B$117=$B7),'Arbonia Original'!$D$2:$D$117,"")} -> 39 | D7: {=_xlfn.XLOOKUP(1,('Arbonia Original'!$A$2:$A$117=D$2)*('Arbonia Original'!$B$2:$B$117=$B7),'Arbonia Original'!$D$2:$D$117,"")} | E7: {=_xlfn.XLOOKUP(1,('Arbonia Original'!$A$2:$A$117=E$2)*('Arbonia Original'!$B$2:$B$117=$B7),'Arbonia Original'!$D$2:$D$117,"")} -> 53 | F7: {=_xlfn.XLOOKUP(1,('Arbonia Original'!$A$2:$A$117=F$2)*('Arbonia Original'!$B$2:$B$117=$B7),'Arbonia Original'!$D$2:$D$117,"")} -> 62 | G7: {=_xlfn.XLOOKUP(1,('Arbonia Original'!$A$2:$A$117=G$2)*('Arbonia Original'!$B$2:$B$117=$B7),'Arbonia Original'!$D$2:$D$117,"")} -> 72 | H7: {=_xlfn.XLOOKUP(1,('Arbonia Original'!$A$2:$A$117=H$2)*('Arbonia Original'!$B$2:$B$117=$B7),'Arbonia Original'!$D$2:$D$117,"")} -> 81 | I7: {=_xlfn.XLOOKUP(1,('Arbonia Original'!$A$2:$A$117=I$2)*('Arbonia Original'!$B$2:$B$117=$B7),'Arbonia Original'!$D$2:$D$117,"")} -> 90 | J7: {=_xlfn.XLOOKUP(1,('Arbonia Original'!$A$2:$A$117=J$2)*('Arbonia Original'!$B$2:$B$117=$B7),'Arbonia Original'!$D$2:$D$117,"")} -> 99 | ... X7: {=_xlfn.XLOOKUP(1,('Arbonia Original'!$A$2:$A$117=X$2)*('Arbonia Original'!$B$2:$B$117=$B7),'Arbonia Original'!$D$2:$D$117,"")} -> 474 | Y7: ARB 6-Säule
A9: Exponent | C9: Bauhöhe
A10: n | C10: =C$2 -> 180 | D10: =D$2 -> 190 | E10: =E$2 -> 260 | F10: =F$2 -> 300 | G10: =G$2 -> 350 | H10: =H$2 -> 400 | I10: =I$2 -> 450 | J10: =J$2 -> 500 | ... X10: =X$2 -> 3000
A11: Bautiefe | B11: =B3 -> 65 | C11: {=_xlfn.XLOOKUP(1,('Arbonia Original'!$A$2:$A$117=C$10)*('Arbonia Original'!$B$2:$B$117=$B11),'Arbonia Original'!$H$2:$H$117,"")} | D11: {=_xlfn.XLOOKUP(1,('Arbonia Original'!$A$2:$A$117=D$10)*('Arbonia Original'!$B$2:$B$117=$B11),'Arbonia Original'!$H$2:$H$117,"")} -> 1.23 | E11: {=_xlfn.XLOOKUP(1,('Arbonia Original'!$A$2:$A$117=E$10)*('Arbonia Original'!$B$2:$B$117=$B11),'Arbonia Original'!$H$2:$H$117,"")} -> 1.25 | F11: {=_xlfn.XLOOKUP(1,('Arbonia Original'!$A$2:$A$117=F$10)*('Arbonia Original'!$B$2:$B$117=$B11),'Arbonia Original'!$H$2:$H$117,"")} -> 1.26 | G11: {=_xlfn.XLOOKUP(1,('Arbonia Original'!$A$2:$A$117=G$10)*('Arbonia Original'!$B$2:$B$117=$B11),'Arbonia Original'!$H$2:$H$117,"")} -> 1.31 | H11: {=_xlfn.XLOOKUP(1,('Arbonia Original'!$A$2:$A$117=H$10)*('Arbonia Original'!$B$2:$B$117=$B11),'Arbonia Original'!$H$2:$H$117,"")} -> 1.31 | I11: {=_xlfn.XLOOKUP(1,('Arbonia Original'!$A$2:$A$117=I$10)*('Arbonia Original'!$B$2:$B$117=$B11),'Arbonia Original'!$H$2:$H$117,"")} -> 1.31 | J11: {=_xlfn.XLOOKUP(1,('Arbonia Original'!$A$2:$A$117=J$10)*('Arbonia Original'!$B$2:$B$117=$B11),'Arbonia Original'!$H$2:$H$117,"")} -> 1.31 | ... X11: {=_xlfn.XLOOKUP(1,('Arbonia Original'!$A$2:$A$117=X$10)*('Arbonia Original'!$B$2:$B$117=$B11),'Arbonia Original'!$H$2:$H$117,"")} -> 1.33
B12: =B4 -> 105 | C12: {=_xlfn.XLOOKUP(1,('Arbonia Original'!$A$2:$A$117=C$10)*('Arbonia Original'!$B$2:$B$117=$B12),'Arbonia Original'!$H$2:$H$117,"")} | D12: {=_xlfn.XLOOKUP(1,('Arbonia Original'!$A$2:$A$117=D$10)*('Arbonia Original'!$B$2:$B$117=$B12),'Arbonia Original'!$H$2:$H$117,"")} -> 1.27 | E12: {=_xlfn.XLOOKUP(1,('Arbonia Original'!$A$2:$A$117=E$10)*('Arbonia Original'!$B$2:$B$117=$B12),'Arbonia Original'!$H$2:$H$117,"")} -> 1.31 | F12: {=_xlfn.XLOOKUP(1,('Arbonia Original'!$A$2:$A$117=F$10)*('Arbonia Original'!$B$2:$B$117=$B12),'Arbonia Original'!$H$2:$H$117,"")} -> 1.33 | G12: {=_xlfn.XLOOKUP(1,('Arbonia Original'!$A$2:$A$117=G$10)*('Arbonia Original'!$B$2:$B$117=$B12),'Arbonia Original'!$H$2:$H$117,"")} -> 1.36 | H12: {=_xlfn.XLOOKUP(1,('Arbonia Original'!$A$2:$A$117=H$10)*('Arbonia Original'!$B$2:$B$117=$B12),'Arbonia Original'!$H$2:$H$117,"")} -> 1.36 | I12: {=_xlfn.XLOOKUP(1,('Arbonia Original'!$A$2:$A$117=I$10)*('Arbonia Original'!$B$2:$B$117=$B12),'Arbonia Original'!$H$2:$H$117,"")} -> 1.36 | J12: {=_xlfn.XLOOKUP(1,('Arbonia Original'!$A$2:$A$117=J$10)*('Arbonia Original'!$B$2:$B$117=$B12),'Arbonia Original'!$H$2:$H$117,"")} -> 1.36 | ... X12: {=_xlfn.XLOOKUP(1,('Arbonia Original'!$A$2:$A$117=X$10)*('Arbonia Original'!$B$2:$B$117=$B12),'Arbonia Original'!$H$2:$H$117,"")} -> 1.33
B13: =B5 -> 145 | C13: {=_xlfn.XLOOKUP(1,('Arbonia Original'!$A$2:$A$117=C$10)*('Arbonia Original'!$B$2:$B$117=$B13),'Arbonia Original'!$H$2:$H$117,"")} | D13: {=_xlfn.XLOOKUP(1,('Arbonia Original'!$A$2:$A$117=D$10)*('Arbonia Original'!$B$2:$B$117=$B13),'Arbonia Original'!$H$2:$H$117,"")} -> 1.25 | E13: {=_xlfn.XLOOKUP(1,('Arbonia Original'!$A$2:$A$117=E$10)*('Arbonia Original'!$B$2:$B$117=$B13),'Arbonia Original'!$H$2:$H$117,"")} -> 1.3 | F13: {=_xlfn.XLOOKUP(1,('Arbonia Original'!$A$2:$A$117=F$10)*('Arbonia Original'!$B$2:$B$117=$B13),'Arbonia Original'!$H$2:$H$117,"")} -> 1.33 | G13: {=_xlfn.XLOOKUP(1,('Arbonia Original'!$A$2:$A$117=G$10)*('Arbonia Original'!$B$2:$B$117=$B13),'Arbonia Original'!$H$2:$H$117,"")} -> 1.35 | H13: {=_xlfn.XLOOKUP(1,('Arbonia Original'!$A$2:$A$117=H$10)*('Arbonia Original'!$B$2:$B$117=$B13),'Arbonia Original'!$H$2:$H$117,"")} -> 1.35 | I13: {=_xlfn.XLOOKUP(1,('Arbonia Original'!$A$2:$A$117=I$10)*('Arbonia Original'!$B$2:$B$117=$B13),'Arbonia Original'!$H$2:$H$117,"")} -> 1.35 | J13: {=_xlfn.XLOOKUP(1,('Arbonia Original'!$A$2:$A$117=J$10)*('Arbonia Original'!$B$2:$B$117=$B13),'Arbonia Original'!$H$2:$H$117,"")} -> 1.35 | ... X13: {=_xlfn.XLOOKUP(1,('Arbonia Original'!$A$2:$A$117=X$10)*('Arbonia Original'!$B$2:$B$117=$B13),'Arbonia Original'!$H$2:$H$117,"")} -> 1.34
B14: =B6 -> 185 | C14: {=_xlfn.XLOOKUP(1,('Arbonia Original'!$A$2:$A$117=C$10)*('Arbonia Original'!$B$2:$B$117=$B14),'Arbonia Original'!$H$2:$H$117,"")} -> 1.29 | D14: {=_xlfn.XLOOKUP(1,('Arbonia Original'!$A$2:$A$117=D$10)*('Arbonia Original'!$B$2:$B$117=$B14),'Arbonia Original'!$H$2:$H$117,"")} | E14: {=_xlfn.XLOOKUP(1,('Arbonia Original'!$A$2:$A$117=E$10)*('Arbonia Original'!$B$2:$B$117=$B14),'Arbonia Original'!$H$2:$H$117,"")} -> 1.33 | F14: {=_xlfn.XLOOKUP(1,('Arbonia Original'!$A$2:$A$117=F$10)*('Arbonia Original'!$B$2:$B$117=$B14),'Arbonia Original'!$H$2:$H$117,"")} -> 1.36 | G14: {=_xlfn.XLOOKUP(1,('Arbonia Original'!$A$2:$A$117=G$10)*('Arbonia Original'!$B$2:$B$117=$B14),'Arbonia Original'!$H$2:$H$117,"")} -> 1.39 | H14: {=_xlfn.XLOOKUP(1,('Arbonia Original'!$A$2:$A$117=H$10)*('Arbonia Original'!$B$2:$B$117=$B14),'Arbonia Original'!$H$2:$H$117,"")} -> 1.39 | I14: {=_xlfn.XLOOKUP(1,('Arbonia Original'!$A$2:$A$117=I$10)*('Arbonia Original'!$B$2:$B$117=$B14),'Arbonia Original'!$H$2:$H$117,"")} -> 1.39 | J14: {=_xlfn.XLOOKUP(1,('Arbonia Original'!$A$2:$A$117=J$10)*('Arbonia Original'!$B$2:$B$117=$B14),'Arbonia Original'!$H$2:$H$117,"")} -> 1.39 | ... X14: {=_xlfn.XLOOKUP(1,('Arbonia Original'!$A$2:$A$117=X$10)*('Arbonia Original'!$B$2:$B$117=$B14),'Arbonia Original'!$H$2:$H$117,"")} -> 1.35
B15: =B7 -> 225 | C15: {=_xlfn.XLOOKUP(1,('Arbonia Original'!$A$2:$A$117=C$10)*('Arbonia Original'!$B$2:$B$117=$B15),'Arbonia Original'!$H$2:$H$117,"")} -> 1.31 | D15: {=_xlfn.XLOOKUP(1,('Arbonia Original'!$A$2:$A$117=D$10)*('Arbonia Original'!$B$2:$B$117=$B15),'Arbonia Original'!$H$2:$H$117,"")} | E15: {=_xlfn.XLOOKUP(1,('Arbonia Original'!$A$2:$A$117=E$10)*('Arbonia Original'!$B$2:$B$117=$B15),'Arbonia Original'!$H$2:$H$117,"")} -> 1.36 | F15: {=_xlfn.XLOOKUP(1,('Arbonia Original'!$A$2:$A$117=F$10)*('Arbonia Original'!$B$2:$B$117=$B15),'Arbonia Original'!$H$2:$H$117,"")} -> 1.39 | G15: {=_xlfn.XLOOKUP(1,('Arbonia Original'!$A$2:$A$117=G$10)*('Arbonia Original'!$B$2:$B$117=$B15),'Arbonia Original'!$H$2:$H$117,"")} -> 1.41 | H15: {=_xlfn.XLOOKUP(1,('Arbonia Original'!$A$2:$A$117=H$10)*('Arbonia Original'!$B$2:$B$117=$B15),'Arbonia Original'!$H$2:$H$117,"")} -> 1.41 | I15: {=_xlfn.XLOOKUP(1,('Arbonia Original'!$A$2:$A$117=I$10)*('Arbonia Original'!$B$2:$B$117=$B15),'Arbonia Original'!$H$2:$H$117,"")} -> 1.41 | J15: {=_xlfn.XLOOKUP(1,('Arbonia Original'!$A$2:$A$117=J$10)*('Arbonia Original'!$B$2:$B$117=$B15),'Arbonia Original'!$H$2:$H$117,"")} -> 1.41 | ... X15: {=_xlfn.XLOOKUP(1,('Arbonia Original'!$A$2:$A$117=X$10)*('Arbonia Original'!$B$2:$B$117=$B15),'Arbonia Original'!$H$2:$H$117,"")} -> 1.38
A17: Masse (kg/Gl.) pro Glied | C17: Bauhöhe
A18: M | C18: =C$2 -> 180 | D18: =D$2 -> 190 | E18: =E$2 -> 260 | F18: =F$2 -> 300 | G18: =G$2 -> 350 | H18: =H$2 -> 400 | I18: =I$2 -> 450 | J18: =J$2 -> 500 | ... X18: =X$2 -> 3000
A19: Bautiefe | B19: =B3 -> 65 | C19: {=_xlfn.XLOOKUP(1,('Arbonia Original'!$A$2:$A$117=C$18)*('Arbonia Original'!$B$2:$B$117=$B19),'Arbonia Original'!$I$2:$I$117,"")} | D19: {=_xlfn.XLOOKUP(1,('Arbonia Original'!$A$2:$A$117=D$18)*('Arbonia Original'!$B$2:$B$117=$B19),'Arbonia Original'!$I$2:$I$117,"")} -> 0.33 | E19: {=_xlfn.XLOOKUP(1,('Arbonia Original'!$A$2:$A$117=E$18)*('Arbonia Original'!$B$2:$B$117=$B19),'Arbonia Original'!$I$2:$I$117,"")} -> 0.42 | F19: {=_xlfn.XLOOKUP(1,('Arbonia Original'!$A$2:$A$117=F$18)*('Arbonia Original'!$B$2:$B$117=$B19),'Arbonia Original'!$I$2:$I$117,"")} -> 0.47 | G19: {=_xlfn.XLOOKUP(1,('Arbonia Original'!$A$2:$A$117=G$18)*('Arbonia Original'!$B$2:$B$117=$B19),'Arbonia Original'!$I$2:$I$117,"")} -> 0.53 | H19: {=_xlfn.XLOOKUP(1,('Arbonia Original'!$A$2:$A$117=H$18)*('Arbonia Original'!$B$2:$B$117=$B19),'Arbonia Original'!$I$2:$I$117,"")} -> 0.59 | I19: {=_xlfn.XLOOKUP(1,('Arbonia Original'!$A$2:$A$117=I$18)*('Arbonia Original'!$B$2:$B$117=$B19),'Arbonia Original'!$I$2:$I$117,"")} -> 0.65 | J19: {=_xlfn.XLOOKUP(1,('Arbonia Original'!$A$2:$A$117=J$18)*('Arbonia Original'!$B$2:$B$117=$B19),'Arbonia Original'!$I$2:$I$117,"")} -> 0.71 | ... X19: {=_xlfn.XLOOKUP(1,('Arbonia Original'!$A$2:$A$117=X$18)*('Arbonia Original'!$B$2:$B$117=$B19),'Arbonia Original'!$I$2:$I$117,"")} -> 3.75
B20: =B4 -> 105 | C20: {=_xlfn.XLOOKUP(1,('Arbonia Original'!$A$2:$A$117=C$18)*('Arbonia Original'!$B$2:$B$117=$B20),'Arbonia Original'!$I$2:$I$117,"")} | D20: {=_xlfn.XLOOKUP(1,('Arbonia Original'!$A$2:$A$117=D$18)*('Arbonia Original'!$B$2:$B$117=$B20),'Arbonia Original'!$I$2:$I$117,"")} -> 0.5 | E20: {=_xlfn.XLOOKUP(1,('Arbonia Original'!$A$2:$A$117=E$18)*('Arbonia Original'!$B$2:$B$117=$B20),'Arbonia Original'!$I$2:$I$117,"")} -> 0.63 | F20: {=_xlfn.XLOOKUP(1,('Arbonia Original'!$A$2:$A$117=F$18)*('Arbonia Original'!$B$2:$B$117=$B20),'Arbonia Original'!$I$2:$I$117,"")} -> 0.7 | G20: {=_xlfn.XLOOKUP(1,('Arbonia Original'!$A$2:$A$117=G$18)*('Arbonia Original'!$B$2:$B$117=$B20),'Arbonia Original'!$I$2:$I$117,"")} -> 0.79 | H20: {=_xlfn.XLOOKUP(1,('Arbonia Original'!$A$2:$A$117=H$18)*('Arbonia Original'!$B$2:$B$117=$B20),'Arbonia Original'!$I$2:$I$117,"")} -> 0.88 | I20: {=_xlfn.XLOOKUP(1,('Arbonia Original'!$A$2:$A$117=I$18)*('Arbonia Original'!$B$2:$B$117=$B20),'Arbonia Original'!$I$2:$I$117,"")} -> 0.97 | J20: {=_xlfn.XLOOKUP(1,('Arbonia Original'!$A$2:$A$117=J$18)*('Arbonia Original'!$B$2:$B$117=$B20),'Arbonia Original'!$I$2:$I$117,"")} -> 1.06 | ... X20: {=_xlfn.XLOOKUP(1,('Arbonia Original'!$A$2:$A$117=X$18)*('Arbonia Original'!$B$2:$B$117=$B20),'Arbonia Original'!$I$2:$I$117,"")} -> 5.62
B21: =B5 -> 145 | C21: {=_xlfn.XLOOKUP(1,('Arbonia Original'!$A$2:$A$117=C$18)*('Arbonia Original'!$B$2:$B$117=$B21),'Arbonia Original'!$I$2:$I$117,"")} | D21: {=_xlfn.XLOOKUP(1,('Arbonia Original'!$A$2:$A$117=D$18)*('Arbonia Original'!$B$2:$B$117=$B21),'Arbonia Original'!$I$2:$I$117,"")} -> 0.66 | E21: {=_xlfn.XLOOKUP(1,('Arbonia Original'!$A$2:$A$117=E$18)*('Arbonia Original'!$B$2:$B$117=$B21),'Arbonia Original'!$I$2:$I$117,"")} -> 0.84 | F21: {=_xlfn.XLOOKUP(1,('Arbonia Original'!$A$2:$A$117=F$18)*('Arbonia Original'!$B$2:$B$117=$B21),'Arbonia Original'!$I$2:$I$117,"")} -> 0.93 | G21: {=_xlfn.XLOOKUP(1,('Arbonia Original'!$A$2:$A$117=G$18)*('Arbonia Original'!$B$2:$B$117=$B21),'Arbonia Original'!$I$2:$I$117,"")} -> 1.06 | H21: {=_xlfn.XLOOKUP(1,('Arbonia Original'!$A$2:$A$117=H$18)*('Arbonia Original'!$B$2:$B$117=$B21),'Arbonia Original'!$I$2:$I$117,"")} -> 1.18 | I21: {=_xlfn.XLOOKUP(1,('Arbonia Original'!$A$2:$A$117=I$18)*('Arbonia Original'!$B$2:$B$117=$B21),'Arbonia Original'!$I$2:$I$117,"")} -> 1.3 | J21: {=_xlfn.XLOOKUP(1,('Arbonia Original'!$A$2:$A$117=J$18)*('Arbonia Original'!$B$2:$B$117=$B21),'Arbonia Original'!$I$2:$I$117,"")} -> 1.42 | ... X21: {=_xlfn.XLOOKUP(1,('Arbonia Original'!$A$2:$A$117=X$18)*('Arbonia Original'!$B$2:$B$117=$B21),'Arbonia Original'!$I$2:$I$117,"")} -> 7.49
B22: =B6 -> 185 | C22: {=_xlfn.XLOOKUP(1,('Arbonia Original'!$A$2:$A$117=C$18)*('Arbonia Original'!$B$2:$B$117=$B22),'Arbonia Original'!$I$2:$I$117,"")} -> 0.89 | D22: {=_xlfn.XLOOKUP(1,('Arbonia Original'!$A$2:$A$117=D$18)*('Arbonia Original'!$B$2:$B$117=$B22),'Arbonia Original'!$I$2:$I$117,"")} | E22: {=_xlfn.XLOOKUP(1,('Arbonia Original'!$A$2:$A$117=E$18)*('Arbonia Original'!$B$2:$B$117=$B22),'Arbonia Original'!$I$2:$I$117,"")} -> 1.11 | F22: {=_xlfn.XLOOKUP(1,('Arbonia Original'!$A$2:$A$117=F$18)*('Arbonia Original'!$B$2:$B$117=$B22),'Arbonia Original'!$I$2:$I$117,"")} -> 1.23 | G22: {=_xlfn.XLOOKUP(1,('Arbonia Original'!$A$2:$A$117=G$18)*('Arbonia Original'!$B$2:$B$117=$B22),'Arbonia Original'!$I$2:$I$117,"")} -> 1.38 | H22: {=_xlfn.XLOOKUP(1,('Arbonia Original'!$A$2:$A$117=H$18)*('Arbonia Original'!$B$2:$B$117=$B22),'Arbonia Original'!$I$2:$I$117,"")} -> 1.53 | I22: {=_xlfn.XLOOKUP(1,('Arbonia Original'!$A$2:$A$117=I$18)*('Arbonia Original'!$B$2:$B$117=$B22),'Arbonia Original'!$I$2:$I$117,"")} -> 1.68 | J22: {=_xlfn.XLOOKUP(1,('Arbonia Original'!$A$2:$A$117=J$18)*('Arbonia Original'!$B$2:$B$117=$B22),'Arbonia Original'!$I$2:$I$117,"")} -> 1.83 | ... X22: {=_xlfn.XLOOKUP(1,('Arbonia Original'!$A$2:$A$117=X$18)*('Arbonia Original'!$B$2:$B$117=$B22),'Arbonia Original'!$I$2:$I$117,"")} -> 9.42
B23: =B7 -> 225 | C23: {=_xlfn.XLOOKUP(1,('Arbonia Original'!$A$2:$A$117=C$18)*('Arbonia Original'!$B$2:$B$117=$B23),'Arbonia Original'!$I$2:$I$117,"")} -> 1.08 | D23: {=_xlfn.XLOOKUP(1,('Arbonia Original'!$A$2:$A$117=D$18)*('Arbonia Original'!$B$2:$B$117=$B23),'Arbonia Original'!$I$2:$I$117,"")} | E23: {=_xlfn.XLOOKUP(1,('Arbonia Original'!$A$2:$A$117=E$18)*('Arbonia Original'!$B$2:$B$117=$B23),'Arbonia Original'!$I$2:$I$117,"")} -> 1.34 | F23: {=_xlfn.XLOOKUP(1,('Arbonia Original'!$A$2:$A$117=F$18)*('Arbonia Original'!$B$2:$B$117=$B23),'Arbonia Original'!$I$2:$I$117,"")} -> 1.49 | G23: {=_xlfn.XLOOKUP(1,('Arbonia Original'!$A$2:$A$117=G$18)*('Arbonia Original'!$B$2:$B$117=$B23),'Arbonia Original'!$I$2:$I$117,"")} -> 1.67 | H23: {=_xlfn.XLOOKUP(1,('Arbonia Original'!$A$2:$A$117=H$18)*('Arbonia Original'!$B$2:$B$117=$B23),'Arbonia Original'!$I$2:$I$117,"")} -> 1.85 | I23: {=_xlfn.XLOOKUP(1,('Arbonia Original'!$A$2:$A$117=I$18)*('Arbonia Original'!$B$2:$B$117=$B23),'Arbonia Original'!$I$2:$I$117,"")} -> 2.03 | J23: {=_xlfn.XLOOKUP(1,('Arbonia Original'!$A$2:$A$117=J$18)*('Arbonia Original'!$B$2:$B$117=$B23),'Arbonia Original'!$I$2:$I$117,"")} -> 2.21 | ... X23: {=_xlfn.XLOOKUP(1,('Arbonia Original'!$A$2:$A$117=X$18)*('Arbonia Original'!$B$2:$B$117=$B23),'Arbonia Original'!$I$2:$I$117,"")} -> 11.31
A25: Fläche pro Glied (m2/Gl.) | C25: Bauhöhe
A26: A | C26: =C$2 -> 180 | D26: =D$2 -> 190 | E26: =E$2 -> 260 | F26: =F$2 -> 300 | G26: =G$2 -> 350 | H26: =H$2 -> 400 | I26: =I$2 -> 450 | J26: =J$2 -> 500 | ... X26: =X$2 -> 3000
A27: Bautiefe | B27: =B3 -> 65 | C27: {=_xlfn.XLOOKUP(1,('Arbonia Original'!$A$2:$A$117=C$26)*('Arbonia Original'!$B$2:$B$117=$B27),'Arbonia Original'!$J$2:$J$117,"")} | D27: {=_xlfn.XLOOKUP(1,('Arbonia Original'!$A$2:$A$117=D$26)*('Arbonia Original'!$B$2:$B$117=$B27),'Arbonia Original'!$J$2:$J$117,"")} -> 0.03 | E27: {=_xlfn.XLOOKUP(1,('Arbonia Original'!$A$2:$A$117=E$26)*('Arbonia Original'!$B$2:$B$117=$B27),'Arbonia Original'!$J$2:$J$117,"")} -> 0.04 | F27: {=_xlfn.XLOOKUP(1,('Arbonia Original'!$A$2:$A$117=F$26)*('Arbonia Original'!$B$2:$B$117=$B27),'Arbonia Original'!$J$2:$J$117,"")} -> 0.05 | G27: {=_xlfn.XLOOKUP(1,('Arbonia Original'!$A$2:$A$117=G$26)*('Arbonia Original'!$B$2:$B$117=$B27),'Arbonia Original'!$J$2:$J$117,"")} -> 0.06 | H27: {=_xlfn.XLOOKUP(1,('Arbonia Original'!$A$2:$A$117=H$26)*('Arbonia Original'!$B$2:$B$117=$B27),'Arbonia Original'!$J$2:$J$117,"")} -> 0.07 | I27: {=_xlfn.XLOOKUP(1,('Arbonia Original'!$A$2:$A$117=I$26)*('Arbonia Original'!$B$2:$B$117=$B27),'Arbonia Original'!$J$2:$J$117,"")} -> 0.07 | J27: {=_xlfn.XLOOKUP(1,('Arbonia Original'!$A$2:$A$117=J$26)*('Arbonia Original'!$B$2:$B$117=$B27),'Arbonia Original'!$J$2:$J$117,"")} -> 0.08 | ... X27: {=_xlfn.XLOOKUP(1,('Arbonia Original'!$A$2:$A$117=X$26)*('Arbonia Original'!$B$2:$B$117=$B27),'Arbonia Original'!$J$2:$J$117,"")} -> 0.48
B28: =B4 -> 105 | C28: {=_xlfn.XLOOKUP(1,('Arbonia Original'!$A$2:$A$117=C$26)*('Arbonia Original'!$B$2:$B$117=$B28),'Arbonia Original'!$J$2:$J$117,"")} | D28: {=_xlfn.XLOOKUP(1,('Arbonia Original'!$A$2:$A$117=D$26)*('Arbonia Original'!$B$2:$B$117=$B28),'Arbonia Original'!$J$2:$J$117,"")} -> 0.05 | E28: {=_xlfn.XLOOKUP(1,('Arbonia Original'!$A$2:$A$117=E$26)*('Arbonia Original'!$B$2:$B$117=$B28),'Arbonia Original'!$J$2:$J$117,"")} -> 0.07 | F28: {=_xlfn.XLOOKUP(1,('Arbonia Original'!$A$2:$A$117=F$26)*('Arbonia Original'!$B$2:$B$117=$B28),'Arbonia Original'!$J$2:$J$117,"")} -> 0.08 | G28: {=_xlfn.XLOOKUP(1,('Arbonia Original'!$A$2:$A$117=G$26)*('Arbonia Original'!$B$2:$B$117=$B28),'Arbonia Original'!$J$2:$J$117,"")} -> 0.09 | H28: {=_xlfn.XLOOKUP(1,('Arbonia Original'!$A$2:$A$117=H$26)*('Arbonia Original'!$B$2:$B$117=$B28),'Arbonia Original'!$J$2:$J$117,"")} -> 0.1 | I28: {=_xlfn.XLOOKUP(1,('Arbonia Original'!$A$2:$A$117=I$26)*('Arbonia Original'!$B$2:$B$117=$B28),'Arbonia Original'!$J$2:$J$117,"")} -> 0.11 | J28: {=_xlfn.XLOOKUP(1,('Arbonia Original'!$A$2:$A$117=J$26)*('Arbonia Original'!$B$2:$B$117=$B28),'Arbonia Original'!$J$2:$J$117,"")} -> 0.12 | ... X28: {=_xlfn.XLOOKUP(1,('Arbonia Original'!$A$2:$A$117=X$26)*('Arbonia Original'!$B$2:$B$117=$B28),'Arbonia Original'!$J$2:$J$117,"")} -> 0.71
B29: =B5 -> 145 | C29: {=_xlfn.XLOOKUP(1,('Arbonia Original'!$A$2:$A$117=C$26)*('Arbonia Original'!$B$2:$B$117=$B29),'Arbonia Original'!$J$2:$J$117,"")} | D29: {=_xlfn.XLOOKUP(1,('Arbonia Original'!$A$2:$A$117=D$26)*('Arbonia Original'!$B$2:$B$117=$B29),'Arbonia Original'!$J$2:$J$117,"")} -> 0.07 | E29: {=_xlfn.XLOOKUP(1,('Arbonia Original'!$A$2:$A$117=E$26)*('Arbonia Original'!$B$2:$B$117=$B29),'Arbonia Original'!$J$2:$J$117,"")} -> 0.09 | F29: {=_xlfn.XLOOKUP(1,('Arbonia Original'!$A$2:$A$117=F$26)*('Arbonia Original'!$B$2:$B$117=$B29),'Arbonia Original'!$J$2:$J$117,"")} -> 0.1 | G29: {=_xlfn.XLOOKUP(1,('Arbonia Original'!$A$2:$A$117=G$26)*('Arbonia Original'!$B$2:$B$117=$B29),'Arbonia Original'!$J$2:$J$117,"")} -> 0.12 | H29: {=_xlfn.XLOOKUP(1,('Arbonia Original'!$A$2:$A$117=H$26)*('Arbonia Original'!$B$2:$B$117=$B29),'Arbonia Original'!$J$2:$J$117,"")} -> 0.13 | I29: {=_xlfn.XLOOKUP(1,('Arbonia Original'!$A$2:$A$117=I$26)*('Arbonia Original'!$B$2:$B$117=$B29),'Arbonia Original'!$J$2:$J$117,"")} -> 0.15 | J29: {=_xlfn.XLOOKUP(1,('Arbonia Original'!$A$2:$A$117=J$26)*('Arbonia Original'!$B$2:$B$117=$B29),'Arbonia Original'!$J$2:$J$117,"")} -> 0.17 | ... X29: {=_xlfn.XLOOKUP(1,('Arbonia Original'!$A$2:$A$117=X$26)*('Arbonia Original'!$B$2:$B$117=$B29),'Arbonia Original'!$J$2:$J$117,"")} -> 0.95
B30: =B6 -> 185 | C30: {=_xlfn.XLOOKUP(1,('Arbonia Original'!$A$2:$A$117=C$26)*('Arbonia Original'!$B$2:$B$117=$B30),'Arbonia Original'!$J$2:$J$117,"")} -> 0.08 | D30: {=_xlfn.XLOOKUP(1,('Arbonia Original'!$A$2:$A$117=D$26)*('Arbonia Original'!$B$2:$B$117=$B30),'Arbonia Original'!$J$2:$J$117,"")} | E30: {=_xlfn.XLOOKUP(1,('Arbonia Original'!$A$2:$A$117=E$26)*('Arbonia Original'!$B$2:$B$117=$B30),'Arbonia Original'!$J$2:$J$117,"")} -> 0.11 | F30: {=_xlfn.XLOOKUP(1,('Arbonia Original'!$A$2:$A$117=F$26)*('Arbonia Original'!$B$2:$B$117=$B30),'Arbonia Original'!$J$2:$J$117,"")} -> 0.13 | G30: {=_xlfn.XLOOKUP(1,('Arbonia Original'!$A$2:$A$117=G$26)*('Arbonia Original'!$B$2:$B$117=$B30),'Arbonia Original'!$J$2:$J$117,"")} -> 0.15 | H30: {=_xlfn.XLOOKUP(1,('Arbonia Original'!$A$2:$A$117=H$26)*('Arbonia Original'!$B$2:$B$117=$B30),'Arbonia Original'!$J$2:$J$117,"")} -> 0.17 | I30: {=_xlfn.XLOOKUP(1,('Arbonia Original'!$A$2:$A$117=I$26)*('Arbonia Original'!$B$2:$B$117=$B30),'Arbonia Original'!$J$2:$J$117,"")} -> 0.19 | J30: {=_xlfn.XLOOKUP(1,('Arbonia Original'!$A$2:$A$117=J$26)*('Arbonia Original'!$B$2:$B$117=$B30),'Arbonia Original'!$J$2:$J$117,"")} -> 0.21 | ... X30: {=_xlfn.XLOOKUP(1,('Arbonia Original'!$A$2:$A$117=X$26)*('Arbonia Original'!$B$2:$B$117=$B30),'Arbonia Original'!$J$2:$J$117,"")} -> 1.19
B31: =B7 -> 225 | C31: {=_xlfn.XLOOKUP(1,('Arbonia Original'!$A$2:$A$117=C$26)*('Arbonia Original'!$B$2:$B$117=$B31),'Arbonia Original'!$J$2:$J$117,"")} -> 0.1 | D31: {=_xlfn.XLOOKUP(1,('Arbonia Original'!$A$2:$A$117=D$26)*('Arbonia Original'!$B$2:$B$117=$B31),'Arbonia Original'!$J$2:$J$117,"")} | E31: {=_xlfn.XLOOKUP(1,('Arbonia Original'!$A$2:$A$117=E$26)*('Arbonia Original'!$B$2:$B$117=$B31),'Arbonia Original'!$J$2:$J$117,"")} -> 0.13 | F31: {=_xlfn.XLOOKUP(1,('Arbonia Original'!$A$2:$A$117=F$26)*('Arbonia Original'!$B$2:$B$117=$B31),'Arbonia Original'!$J$2:$J$117,"")} -> 0.15 | G31: {=_xlfn.XLOOKUP(1,('Arbonia Original'!$A$2:$A$117=G$26)*('Arbonia Original'!$B$2:$B$117=$B31),'Arbonia Original'!$J$2:$J$117,"")} -> 0.18 | H31: {=_xlfn.XLOOKUP(1,('Arbonia Original'!$A$2:$A$117=H$26)*('Arbonia Original'!$B$2:$B$117=$B31),'Arbonia Original'!$J$2:$J$117,"")} -> 0.2 | I31: {=_xlfn.XLOOKUP(1,('Arbonia Original'!$A$2:$A$117=I$26)*('Arbonia Original'!$B$2:$B$117=$B31),'Arbonia Original'!$J$2:$J$117,"")} -> 0.22 | J31: {=_xlfn.XLOOKUP(1,('Arbonia Original'!$A$2:$A$117=J$26)*('Arbonia Original'!$B$2:$B$117=$B31),'Arbonia Original'!$J$2:$J$117,"")} -> 0.25 | ... X31: {=_xlfn.XLOOKUP(1,('Arbonia Original'!$A$2:$A$117=X$26)*('Arbonia Original'!$B$2:$B$117=$B31),'Arbonia Original'!$J$2:$J$117,"")} -> 1.43
A33: Wasserinhalt pro Glied (l/Gl.) | C33: Bauhöhe
A34: W | C34: =C$2 -> 180 | D34: =D$2 -> 190 | E34: =E$2 -> 260 | F34: =F$2 -> 300 | G34: =G$2 -> 350 | H34: =H$2 -> 400 | I34: =I$2 -> 450 | J34: =J$2 -> 500 | ... X34: =X$2 -> 3000
A35: Bautiefe | B35: =B3 -> 65 | C35: {=_xlfn.XLOOKUP(1,('Arbonia Original'!$A$2:$A$117=C$34)*('Arbonia Original'!$B$2:$B$117=$B35),'Arbonia Original'!$K$2:$K$117,"")} | D35: {=_xlfn.XLOOKUP(1,('Arbonia Original'!$A$2:$A$117=D$34)*('Arbonia Original'!$B$2:$B$117=$B35),'Arbonia Original'!$K$2:$K$117,"")} -> 0.28 | E35: {=_xlfn.XLOOKUP(1,('Arbonia Original'!$A$2:$A$117=E$34)*('Arbonia Original'!$B$2:$B$117=$B35),'Arbonia Original'!$K$2:$K$117,"")} -> 0.34 | F35: {=_xlfn.XLOOKUP(1,('Arbonia Original'!$A$2:$A$117=F$34)*('Arbonia Original'!$B$2:$B$117=$B35),'Arbonia Original'!$K$2:$K$117,"")} -> 0.37 | G35: {=_xlfn.XLOOKUP(1,('Arbonia Original'!$A$2:$A$117=G$34)*('Arbonia Original'!$B$2:$B$117=$B35),'Arbonia Original'!$K$2:$K$117,"")} -> 0.41 | H35: {=_xlfn.XLOOKUP(1,('Arbonia Original'!$A$2:$A$117=H$34)*('Arbonia Original'!$B$2:$B$117=$B35),'Arbonia Original'!$K$2:$K$117,"")} -> 0.45 | I35: {=_xlfn.XLOOKUP(1,('Arbonia Original'!$A$2:$A$117=I$34)*('Arbonia Original'!$B$2:$B$117=$B35),'Arbonia Original'!$K$2:$K$117,"")} -> 0.49 | J35: {=_xlfn.XLOOKUP(1,('Arbonia Original'!$A$2:$A$117=J$34)*('Arbonia Original'!$B$2:$B$117=$B35),'Arbonia Original'!$K$2:$K$117,"")} -> 0.53 | ... X35: {=_xlfn.XLOOKUP(1,('Arbonia Original'!$A$2:$A$117=X$34)*('Arbonia Original'!$B$2:$B$117=$B35),'Arbonia Original'!$K$2:$K$117,"")} -> 2.51
B36: =B4 -> 105 | C36: {=_xlfn.XLOOKUP(1,('Arbonia Original'!$A$2:$A$117=C$34)*('Arbonia Original'!$B$2:$B$117=$B36),'Arbonia Original'!$K$2:$K$117,"")} | D36: {=_xlfn.XLOOKUP(1,('Arbonia Original'!$A$2:$A$117=D$34)*('Arbonia Original'!$B$2:$B$117=$B36),'Arbonia Original'!$K$2:$K$117,"")} -> 0.4 | E36: {=_xlfn.XLOOKUP(1,('Arbonia Original'!$A$2:$A$117=E$34)*('Arbonia Original'!$B$2:$B$117=$B36),'Arbonia Original'!$K$2:$K$117,"")} -> 0.48 | F36: {=_xlfn.XLOOKUP(1,('Arbonia Original'!$A$2:$A$117=F$34)*('Arbonia Original'!$B$2:$B$117=$B36),'Arbonia Original'!$K$2:$K$117,"")} -> 0.53 | G36: {=_xlfn.XLOOKUP(1,('Arbonia Original'!$A$2:$A$117=G$34)*('Arbonia Original'!$B$2:$B$117=$B36),'Arbonia Original'!$K$2:$K$117,"")} -> 0.59 | H36: {=_xlfn.XLOOKUP(1,('Arbonia Original'!$A$2:$A$117=H$34)*('Arbonia Original'!$B$2:$B$117=$B36),'Arbonia Original'!$K$2:$K$117,"")} -> 0.65 | I36: {=_xlfn.XLOOKUP(1,('Arbonia Original'!$A$2:$A$117=I$34)*('Arbonia Original'!$B$2:$B$117=$B36),'Arbonia Original'!$K$2:$K$117,"")} -> 0.71 | J36: {=_xlfn.XLOOKUP(1,('Arbonia Original'!$A$2:$A$117=J$34)*('Arbonia Original'!$B$2:$B$117=$B36),'Arbonia Original'!$K$2:$K$117,"")} -> 0.77 | ... X36: {=_xlfn.XLOOKUP(1,('Arbonia Original'!$A$2:$A$117=X$34)*('Arbonia Original'!$B$2:$B$117=$B36),'Arbonia Original'!$K$2:$K$117,"")} -> 3.75
B37: =B5 -> 145 | C37: {=_xlfn.XLOOKUP(1,('Arbonia Original'!$A$2:$A$117=C$34)*('Arbonia Original'!$B$2:$B$117=$B37),'Arbonia Original'!$K$2:$K$117,"")} | D37: {=_xlfn.XLOOKUP(1,('Arbonia Original'!$A$2:$A$117=D$34)*('Arbonia Original'!$B$2:$B$117=$B37),'Arbonia Original'!$K$2:$K$117,"")} -> 0.52 | E37: {=_xlfn.XLOOKUP(1,('Arbonia Original'!$A$2:$A$117=E$34)*('Arbonia Original'!$B$2:$B$117=$B37),'Arbonia Original'!$K$2:$K$117,"")} -> 0.63 | F37: {=_xlfn.XLOOKUP(1,('Arbonia Original'!$A$2:$A$117=F$34)*('Arbonia Original'!$B$2:$B$117=$B37),'Arbonia Original'!$K$2:$K$117,"")} -> 0.69 | G37: {=_xlfn.XLOOKUP(1,('Arbonia Original'!$A$2:$A$117=G$34)*('Arbonia Original'!$B$2:$B$117=$B37),'Arbonia Original'!$K$2:$K$117,"")} -> 0.77 | H37: {=_xlfn.XLOOKUP(1,('Arbonia Original'!$A$2:$A$117=H$34)*('Arbonia Original'!$B$2:$B$117=$B37),'Arbonia Original'!$K$2:$K$117,"")} -> 0.85 | I37: {=_xlfn.XLOOKUP(1,('Arbonia Original'!$A$2:$A$117=I$34)*('Arbonia Original'!$B$2:$B$117=$B37),'Arbonia Original'!$K$2:$K$117,"")} -> 0.93 | J37: {=_xlfn.XLOOKUP(1,('Arbonia Original'!$A$2:$A$117=J$34)*('Arbonia Original'!$B$2:$B$117=$B37),'Arbonia Original'!$K$2:$K$117,"")} -> 1.01 | ... X37: {=_xlfn.XLOOKUP(1,('Arbonia Original'!$A$2:$A$117=X$34)*('Arbonia Original'!$B$2:$B$117=$B37),'Arbonia Original'!$K$2:$K$117,"")} -> 4.99
B38: =B6 -> 185 | C38: {=_xlfn.XLOOKUP(1,('Arbonia Original'!$A$2:$A$117=C$34)*('Arbonia Original'!$B$2:$B$117=$B38),'Arbonia Original'!$K$2:$K$117,"")} -> 0.62 | D38: {=_xlfn.XLOOKUP(1,('Arbonia Original'!$A$2:$A$117=D$34)*('Arbonia Original'!$B$2:$B$117=$B38),'Arbonia Original'!$K$2:$K$117,"")} | E38: {=_xlfn.XLOOKUP(1,('Arbonia Original'!$A$2:$A$117=E$34)*('Arbonia Original'!$B$2:$B$117=$B38),'Arbonia Original'!$K$2:$K$117,"")} -> 0.78 | F38: {=_xlfn.XLOOKUP(1,('Arbonia Original'!$A$2:$A$117=F$34)*('Arbonia Original'!$B$2:$B$117=$B38),'Arbonia Original'!$K$2:$K$117,"")} -> 0.86 | G38: {=_xlfn.XLOOKUP(1,('Arbonia Original'!$A$2:$A$117=G$34)*('Arbonia Original'!$B$2:$B$117=$B38),'Arbonia Original'!$K$2:$K$117,"")} -> 0.96 | H38: {=_xlfn.XLOOKUP(1,('Arbonia Original'!$A$2:$A$117=H$34)*('Arbonia Original'!$B$2:$B$117=$B38),'Arbonia Original'!$K$2:$K$117,"")} -> 1.06 | I38: {=_xlfn.XLOOKUP(1,('Arbonia Original'!$A$2:$A$117=I$34)*('Arbonia Original'!$B$2:$B$117=$B38),'Arbonia Original'!$K$2:$K$117,"")} -> 1.16 | J38: {=_xlfn.XLOOKUP(1,('Arbonia Original'!$A$2:$A$117=J$34)*('Arbonia Original'!$B$2:$B$117=$B38),'Arbonia Original'!$K$2:$K$117,"")} -> 1.26 | ... X38: {=_xlfn.XLOOKUP(1,('Arbonia Original'!$A$2:$A$117=X$34)*('Arbonia Original'!$B$2:$B$117=$B38),'Arbonia Original'!$K$2:$K$117,"")} -> 6.23
B39: =B7 -> 225 | C39: {=_xlfn.XLOOKUP(1,('Arbonia Original'!$A$2:$A$117=C$34)*('Arbonia Original'!$B$2:$B$117=$B39),'Arbonia Original'!$K$2:$K$117,"")} -> 0.74 | D39: {=_xlfn.XLOOKUP(1,('Arbonia Original'!$A$2:$A$117=D$34)*('Arbonia Original'!$B$2:$B$117=$B39),'Arbonia Original'!$K$2:$K$117,"")} | E39: {=_xlfn.XLOOKUP(1,('Arbonia Original'!$A$2:$A$117=E$34)*('Arbonia Original'!$B$2:$B$117=$B39),'Arbonia Original'!$K$2:$K$117,"")} -> 0.93 | F39: {=_xlfn.XLOOKUP(1,('Arbonia Original'!$A$2:$A$117=F$34)*('Arbonia Original'!$B$2:$B$117=$B39),'Arbonia Original'!$K$2:$K$117,"")} -> 1.02 | G39: {=_xlfn.XLOOKUP(1,('Arbonia Original'!$A$2:$A$117=G$34)*('Arbonia Original'!$B$2:$B$117=$B39),'Arbonia Original'!$K$2:$K$117,"")} -> 1.14 | H39: {=_xlfn.XLOOKUP(1,('Arbonia Original'!$A$2:$A$117=H$34)*('Arbonia Original'!$B$2:$B$117=$B39),'Arbonia Original'!$K$2:$K$117,"")} -> 1.26 | I39: {=_xlfn.XLOOKUP(1,('Arbonia Original'!$A$2:$A$117=I$34)*('Arbonia Original'!$B$2:$B$117=$B39),'Arbonia Original'!$K$2:$K$117,"")} -> 1.38 | J39: {=_xlfn.XLOOKUP(1,('Arbonia Original'!$A$2:$A$117=J$34)*('Arbonia Original'!$B$2:$B$117=$B39),'Arbonia Original'!$K$2:$K$117,"")} -> 1.5 | ... X39: {=_xlfn.XLOOKUP(1,('Arbonia Original'!$A$2:$A$117=X$34)*('Arbonia Original'!$B$2:$B$117=$B39),'Arbonia Original'!$K$2:$K$117,"")} -> 7.46
A41: Norm- Wasserstrom pro Glied (kg/h Gl.) | C41: Bauhöhe
A42: qm | C42: =C$2 -> 180 | D42: =D$2 -> 190 | E42: =E$2 -> 260 | F42: =F$2 -> 300 | G42: =G$2 -> 350 | H42: =H$2 -> 400 | I42: =I$2 -> 450 | J42: =J$2 -> 500 | ... X42: =X$2 -> 3000
A43: Bautiefe | B43: =B3 -> 65 | C43: {=_xlfn.XLOOKUP(1,('Arbonia Original'!$A$2:$A$117=C$42)*('Arbonia Original'!$B$2:$B$117=$B43),'Arbonia Original'!$L$2:$L$117,"")} | D43: {=_xlfn.XLOOKUP(1,('Arbonia Original'!$A$2:$A$117=D$42)*('Arbonia Original'!$B$2:$B$117=$B43),'Arbonia Original'!$L$2:$L$117,"")} -> 1.2 | E43: {=_xlfn.XLOOKUP(1,('Arbonia Original'!$A$2:$A$117=E$42)*('Arbonia Original'!$B$2:$B$117=$B43),'Arbonia Original'!$L$2:$L$117,"")} -> 1.6 | F43: {=_xlfn.XLOOKUP(1,('Arbonia Original'!$A$2:$A$117=F$42)*('Arbonia Original'!$B$2:$B$117=$B43),'Arbonia Original'!$L$2:$L$117,"")} -> 1.9 | G43: {=_xlfn.XLOOKUP(1,('Arbonia Original'!$A$2:$A$117=G$42)*('Arbonia Original'!$B$2:$B$117=$B43),'Arbonia Original'!$L$2:$L$117,"")} -> 2.2 | H43: {=_xlfn.XLOOKUP(1,('Arbonia Original'!$A$2:$A$117=H$42)*('Arbonia Original'!$B$2:$B$117=$B43),'Arbonia Original'!$L$2:$L$117,"")} -> 2.4 | I43: {=_xlfn.XLOOKUP(1,('Arbonia Original'!$A$2:$A$117=I$42)*('Arbonia Original'!$B$2:$B$117=$B43),'Arbonia Original'!$L$2:$L$117,"")} -> 2.8 | J43: {=_xlfn.XLOOKUP(1,('Arbonia Original'!$A$2:$A$117=J$42)*('Arbonia Original'!$B$2:$B$117=$B43),'Arbonia Original'!$L$2:$L$117,"")} -> 3.2 | ... X43: {=_xlfn.XLOOKUP(1,('Arbonia Original'!$A$2:$A$117=X$42)*('Arbonia Original'!$B$2:$B$117=$B43),'Arbonia Original'!$L$2:$L$117,"")} -> 17.9
B44: =B4 -> 105 | C44: {=_xlfn.XLOOKUP(1,('Arbonia Original'!$A$2:$A$117=C$42)*('Arbonia Original'!$B$2:$B$117=$B44),'Arbonia Original'!$L$2:$L$117,"")} | D44: {=_xlfn.XLOOKUP(1,('Arbonia Original'!$A$2:$A$117=D$42)*('Arbonia Original'!$B$2:$B$117=$B44),'Arbonia Original'!$L$2:$L$117,"")} -> 1.7 | E44: {=_xlfn.XLOOKUP(1,('Arbonia Original'!$A$2:$A$117=E$42)*('Arbonia Original'!$B$2:$B$117=$B44),'Arbonia Original'!$L$2:$L$117,"")} -> 2.2 | F44: {=_xlfn.XLOOKUP(1,('Arbonia Original'!$A$2:$A$117=F$42)*('Arbonia Original'!$B$2:$B$117=$B44),'Arbonia Original'!$L$2:$L$117,"")} -> 2.7 | G44: {=_xlfn.XLOOKUP(1,('Arbonia Original'!$A$2:$A$117=G$42)*('Arbonia Original'!$B$2:$B$117=$B44),'Arbonia Original'!$L$2:$L$117,"")} -> 3.1 | H44: {=_xlfn.XLOOKUP(1,('Arbonia Original'!$A$2:$A$117=H$42)*('Arbonia Original'!$B$2:$B$117=$B44),'Arbonia Original'!$L$2:$L$117,"")} -> 3.5 | I44: {=_xlfn.XLOOKUP(1,('Arbonia Original'!$A$2:$A$117=I$42)*('Arbonia Original'!$B$2:$B$117=$B44),'Arbonia Original'!$L$2:$L$117,"")} -> 4 | J44: {=_xlfn.XLOOKUP(1,('Arbonia Original'!$A$2:$A$117=J$42)*('Arbonia Original'!$B$2:$B$117=$B44),'Arbonia Original'!$L$2:$L$117,"")} -> 4.4 | ... X44: {=_xlfn.XLOOKUP(1,('Arbonia Original'!$A$2:$A$117=X$42)*('Arbonia Original'!$B$2:$B$117=$B44),'Arbonia Original'!$L$2:$L$117,"")} -> 24
B45: =B5 -> 145 | C45: {=_xlfn.XLOOKUP(1,('Arbonia Original'!$A$2:$A$117=C$42)*('Arbonia Original'!$B$2:$B$117=$B45),'Arbonia Original'!$L$2:$L$117,"")} | D45: {=_xlfn.XLOOKUP(1,('Arbonia Original'!$A$2:$A$117=D$42)*('Arbonia Original'!$B$2:$B$117=$B45),'Arbonia Original'!$L$2:$L$117,"")} -> 2.2 | E45: {=_xlfn.XLOOKUP(1,('Arbonia Original'!$A$2:$A$117=E$42)*('Arbonia Original'!$B$2:$B$117=$B45),'Arbonia Original'!$L$2:$L$117,"")} -> 2.8 | F45: {=_xlfn.XLOOKUP(1,('Arbonia Original'!$A$2:$A$117=F$42)*('Arbonia Original'!$B$2:$B$117=$B45),'Arbonia Original'!$L$2:$L$117,"")} -> 3.4 | G45: {=_xlfn.XLOOKUP(1,('Arbonia Original'!$A$2:$A$117=G$42)*('Arbonia Original'!$B$2:$B$117=$B45),'Arbonia Original'!$L$2:$L$117,"")} -> 4 | H45: {=_xlfn.XLOOKUP(1,('Arbonia Original'!$A$2:$A$117=H$42)*('Arbonia Original'!$B$2:$B$117=$B45),'Arbonia Original'!$L$2:$L$117,"")} -> 4.5 | I45: {=_xlfn.XLOOKUP(1,('Arbonia Original'!$A$2:$A$117=I$42)*('Arbonia Original'!$B$2:$B$117=$B45),'Arbonia Original'!$L$2:$L$117,"")} -> 5 | J45: {=_xlfn.XLOOKUP(1,('Arbonia Original'!$A$2:$A$117=J$42)*('Arbonia Original'!$B$2:$B$117=$B45),'Arbonia Original'!$L$2:$L$117,"")} -> 5.6 | ... X45: {=_xlfn.XLOOKUP(1,('Arbonia Original'!$A$2:$A$117=X$42)*('Arbonia Original'!$B$2:$B$117=$B45),'Arbonia Original'!$L$2:$L$117,"")} -> 30.1
B46: =B6 -> 185 | C46: {=_xlfn.XLOOKUP(1,('Arbonia Original'!$A$2:$A$117=C$42)*('Arbonia Original'!$B$2:$B$117=$B46),'Arbonia Original'!$L$2:$L$117,"")} -> 2.5 | D46: {=_xlfn.XLOOKUP(1,('Arbonia Original'!$A$2:$A$117=D$42)*('Arbonia Original'!$B$2:$B$117=$B46),'Arbonia Original'!$L$2:$L$117,"")} | E46: {=_xlfn.XLOOKUP(1,('Arbonia Original'!$A$2:$A$117=E$42)*('Arbonia Original'!$B$2:$B$117=$B46),'Arbonia Original'!$L$2:$L$117,"")} -> 3.6 | F46: {=_xlfn.XLOOKUP(1,('Arbonia Original'!$A$2:$A$117=F$42)*('Arbonia Original'!$B$2:$B$117=$B46),'Arbonia Original'!$L$2:$L$117,"")} -> 4.1 | G46: {=_xlfn.XLOOKUP(1,('Arbonia Original'!$A$2:$A$117=G$42)*('Arbonia Original'!$B$2:$B$117=$B46),'Arbonia Original'!$L$2:$L$117,"")} -> 4.8 | H46: {=_xlfn.XLOOKUP(1,('Arbonia Original'!$A$2:$A$117=H$42)*('Arbonia Original'!$B$2:$B$117=$B46),'Arbonia Original'!$L$2:$L$117,"")} -> 5.5 | I46: {=_xlfn.XLOOKUP(1,('Arbonia Original'!$A$2:$A$117=I$42)*('Arbonia Original'!$B$2:$B$117=$B46),'Arbonia Original'!$L$2:$L$117,"")} -> 6.2 | J46: {=_xlfn.XLOOKUP(1,('Arbonia Original'!$A$2:$A$117=J$42)*('Arbonia Original'!$B$2:$B$117=$B46),'Arbonia Original'!$L$2:$L$117,"")} -> 6.9 | ... X46: {=_xlfn.XLOOKUP(1,('Arbonia Original'!$A$2:$A$117=X$42)*('Arbonia Original'!$B$2:$B$117=$B46),'Arbonia Original'!$L$2:$L$117,"")} -> 35.3
B47: =B7 -> 225 | C47: {=_xlfn.XLOOKUP(1,('Arbonia Original'!$A$2:$A$117=C$42)*('Arbonia Original'!$B$2:$B$117=$B47),'Arbonia Original'!$L$2:$L$117,"")} -> 2.8 | D47: {=_xlfn.XLOOKUP(1,('Arbonia Original'!$A$2:$A$117=D$42)*('Arbonia Original'!$B$2:$B$117=$B47),'Arbonia Original'!$L$2:$L$117,"")} | E47: {=_xlfn.XLOOKUP(1,('Arbonia Original'!$A$2:$A$117=E$42)*('Arbonia Original'!$B$2:$B$117=$B47),'Arbonia Original'!$L$2:$L$117,"")} -> 4 | F47: {=_xlfn.XLOOKUP(1,('Arbonia Original'!$A$2:$A$117=F$42)*('Arbonia Original'!$B$2:$B$117=$B47),'Arbonia Original'!$L$2:$L$117,"")} -> 4.9 | G47: {=_xlfn.XLOOKUP(1,('Arbonia Original'!$A$2:$A$117=G$42)*('Arbonia Original'!$B$2:$B$117=$B47),'Arbonia Original'!$L$2:$L$117,"")} -> 5.7 | H47: {=_xlfn.XLOOKUP(1,('Arbonia Original'!$A$2:$A$117=H$42)*('Arbonia Original'!$B$2:$B$117=$B47),'Arbonia Original'!$L$2:$L$117,"")} -> 6.5 | I47: {=_xlfn.XLOOKUP(1,('Arbonia Original'!$A$2:$A$117=I$42)*('Arbonia Original'!$B$2:$B$117=$B47),'Arbonia Original'!$L$2:$L$117,"")} -> 7.2 | J47: {=_xlfn.XLOOKUP(1,('Arbonia Original'!$A$2:$A$117=J$42)*('Arbonia Original'!$B$2:$B$117=$B47),'Arbonia Original'!$L$2:$L$117,"")} -> 8.1 | ... X47: {=_xlfn.XLOOKUP(1,('Arbonia Original'!$A$2:$A$117=X$42)*('Arbonia Original'!$B$2:$B$117=$B47),'Arbonia Original'!$L$2:$L$117,"")} -> 41.3
A49: Strahlungsanteil (%) | C49: Bauhöhe
A50: s | C50: =C$2 -> 180 | D50: =D$2 -> 190 | E50: =E$2 -> 260 | F50: =F$2 -> 300 | G50: =G$2 -> 350 | H50: =H$2 -> 400 | I50: =I$2 -> 450 | J50: =J$2 -> 500 | ... X50: =X$2 -> 3000
A51: Bautiefe | B51: =B3 -> 65 | C51: {=_xlfn.XLOOKUP(1,('Arbonia Original'!$A$2:$A$117=C$50)*('Arbonia Original'!$B$2:$B$117=$B51),'Arbonia Original'!$M$2:$M$117,"")} | D51: {=_xlfn.XLOOKUP(1,('Arbonia Original'!$A$2:$A$117=D$50)*('Arbonia Original'!$B$2:$B$117=$B51),'Arbonia Original'!$M$2:$M$117,"")} -> 49 | E51: {=_xlfn.XLOOKUP(1,('Arbonia Original'!$A$2:$A$117=E$50)*('Arbonia Original'!$B$2:$B$117=$B51),'Arbonia Original'!$M$2:$M$117,"")} -> 49 | F51: {=_xlfn.XLOOKUP(1,('Arbonia Original'!$A$2:$A$117=F$50)*('Arbonia Original'!$B$2:$B$117=$B51),'Arbonia Original'!$M$2:$M$117,"")} -> 49 | G51: {=_xlfn.XLOOKUP(1,('Arbonia Original'!$A$2:$A$117=G$50)*('Arbonia Original'!$B$2:$B$117=$B51),'Arbonia Original'!$M$2:$M$117,"")} -> 49 | H51: {=_xlfn.XLOOKUP(1,('Arbonia Original'!$A$2:$A$117=H$50)*('Arbonia Original'!$B$2:$B$117=$B51),'Arbonia Original'!$M$2:$M$117,"")} -> 49 | I51: {=_xlfn.XLOOKUP(1,('Arbonia Original'!$A$2:$A$117=I$50)*('Arbonia Original'!$B$2:$B$117=$B51),'Arbonia Original'!$M$2:$M$117,"")} -> 49 | J51: {=_xlfn.XLOOKUP(1,('Arbonia Original'!$A$2:$A$117=J$50)*('Arbonia Original'!$B$2:$B$117=$B51),'Arbonia Original'!$M$2:$M$117,"")} -> 49 | ... X51: {=_xlfn.XLOOKUP(1,('Arbonia Original'!$A$2:$A$117=X$50)*('Arbonia Original'!$B$2:$B$117=$B51),'Arbonia Original'!$M$2:$M$117,"")} -> 49
B52: =B4 -> 105 | C52: {=_xlfn.XLOOKUP(1,('Arbonia Original'!$A$2:$A$117=C$50)*('Arbonia Original'!$B$2:$B$117=$B52),'Arbonia Original'!$M$2:$M$117,"")} | D52: {=_xlfn.XLOOKUP(1,('Arbonia Original'!$A$2:$A$117=D$50)*('Arbonia Original'!$B$2:$B$117=$B52),'Arbonia Original'!$M$2:$M$117,"")} -> 38 | E52: {=_xlfn.XLOOKUP(1,('Arbonia Original'!$A$2:$A$117=E$50)*('Arbonia Original'!$B$2:$B$117=$B52),'Arbonia Original'!$M$2:$M$117,"")} -> 38 | F52: {=_xlfn.XLOOKUP(1,('Arbonia Original'!$A$2:$A$117=F$50)*('Arbonia Original'!$B$2:$B$117=$B52),'Arbonia Original'!$M$2:$M$117,"")} -> 38 | G52: {=_xlfn.XLOOKUP(1,('Arbonia Original'!$A$2:$A$117=G$50)*('Arbonia Original'!$B$2:$B$117=$B52),'Arbonia Original'!$M$2:$M$117,"")} -> 38 | H52: {=_xlfn.XLOOKUP(1,('Arbonia Original'!$A$2:$A$117=H$50)*('Arbonia Original'!$B$2:$B$117=$B52),'Arbonia Original'!$M$2:$M$117,"")} -> 38 | I52: {=_xlfn.XLOOKUP(1,('Arbonia Original'!$A$2:$A$117=I$50)*('Arbonia Original'!$B$2:$B$117=$B52),'Arbonia Original'!$M$2:$M$117,"")} -> 38 | J52: {=_xlfn.XLOOKUP(1,('Arbonia Original'!$A$2:$A$117=J$50)*('Arbonia Original'!$B$2:$B$117=$B52),'Arbonia Original'!$M$2:$M$117,"")} -> 38 | ... X52: {=_xlfn.XLOOKUP(1,('Arbonia Original'!$A$2:$A$117=X$50)*('Arbonia Original'!$B$2:$B$117=$B52),'Arbonia Original'!$M$2:$M$117,"")} -> 38
B53: =B5 -> 145 | C53: {=_xlfn.XLOOKUP(1,('Arbonia Original'!$A$2:$A$117=C$50)*('Arbonia Original'!$B$2:$B$117=$B53),'Arbonia Original'!$M$2:$M$117,"")} | D53: {=_xlfn.XLOOKUP(1,('Arbonia Original'!$A$2:$A$117=D$50)*('Arbonia Original'!$B$2:$B$117=$B53),'Arbonia Original'!$M$2:$M$117,"")} -> 33 | E53: {=_xlfn.XLOOKUP(1,('Arbonia Original'!$A$2:$A$117=E$50)*('Arbonia Original'!$B$2:$B$117=$B53),'Arbonia Original'!$M$2:$M$117,"")} -> 33 | F53: {=_xlfn.XLOOKUP(1,('Arbonia Original'!$A$2:$A$117=F$50)*('Arbonia Original'!$B$2:$B$117=$B53),'Arbonia Original'!$M$2:$M$117,"")} -> 33 | G53: {=_xlfn.XLOOKUP(1,('Arbonia Original'!$A$2:$A$117=G$50)*('Arbonia Original'!$B$2:$B$117=$B53),'Arbonia Original'!$M$2:$M$117,"")} -> 33 | H53: {=_xlfn.XLOOKUP(1,('Arbonia Original'!$A$2:$A$117=H$50)*('Arbonia Original'!$B$2:$B$117=$B53),'Arbonia Original'!$M$2:$M$117,"")} -> 33 | I53: {=_xlfn.XLOOKUP(1,('Arbonia Original'!$A$2:$A$117=I$50)*('Arbonia Original'!$B$2:$B$117=$B53),'Arbonia Original'!$M$2:$M$117,"")} -> 33 | J53: {=_xlfn.XLOOKUP(1,('Arbonia Original'!$A$2:$A$117=J$50)*('Arbonia Original'!$B$2:$B$117=$B53),'Arbonia Original'!$M$2:$M$117,"")} -> 33 | ... X53: {=_xlfn.XLOOKUP(1,('Arbonia Original'!$A$2:$A$117=X$50)*('Arbonia Original'!$B$2:$B$117=$B53),'Arbonia Original'!$M$2:$M$117,"")} -> 33
B54: =B6 -> 185 | C54: {=_xlfn.XLOOKUP(1,('Arbonia Original'!$A$2:$A$117=C$50)*('Arbonia Original'!$B$2:$B$117=$B54),'Arbonia Original'!$M$2:$M$117,"")} -> 30 | D54: {=_xlfn.XLOOKUP(1,('Arbonia Original'!$A$2:$A$117=D$50)*('Arbonia Original'!$B$2:$B$117=$B54),'Arbonia Original'!$M$2:$M$117,"")} | E54: {=_xlfn.XLOOKUP(1,('Arbonia Original'!$A$2:$A$117=E$50)*('Arbonia Original'!$B$2:$B$117=$B54),'Arbonia Original'!$M$2:$M$117,"")} -> 30 | F54: {=_xlfn.XLOOKUP(1,('Arbonia Original'!$A$2:$A$117=F$50)*('Arbonia Original'!$B$2:$B$117=$B54),'Arbonia Original'!$M$2:$M$117,"")} -> 30 | G54: {=_xlfn.XLOOKUP(1,('Arbonia Original'!$A$2:$A$117=G$50)*('Arbonia Original'!$B$2:$B$117=$B54),'Arbonia Original'!$M$2:$M$117,"")} -> 30 | H54: {=_xlfn.XLOOKUP(1,('Arbonia Original'!$A$2:$A$117=H$50)*('Arbonia Original'!$B$2:$B$117=$B54),'Arbonia Original'!$M$2:$M$117,"")} -> 30 | I54: {=_xlfn.XLOOKUP(1,('Arbonia Original'!$A$2:$A$117=I$50)*('Arbonia Original'!$B$2:$B$117=$B54),'Arbonia Original'!$M$2:$M$117,"")} -> 30 | J54: {=_xlfn.XLOOKUP(1,('Arbonia Original'!$A$2:$A$117=J$50)*('Arbonia Original'!$B$2:$B$117=$B54),'Arbonia Original'!$M$2:$M$117,"")} -> 30 | ... X54: {=_xlfn.XLOOKUP(1,('Arbonia Original'!$A$2:$A$117=X$50)*('Arbonia Original'!$B$2:$B$117=$B54),'Arbonia Original'!$M$2:$M$117,"")} -> 30
B55: =B7 -> 225 | C55: {=_xlfn.XLOOKUP(1,('Arbonia Original'!$A$2:$A$117=C$50)*('Arbonia Original'!$B$2:$B$117=$B55),'Arbonia Original'!$M$2:$M$117,"")} -> 27 | D55: {=_xlfn.XLOOKUP(1,('Arbonia Original'!$A$2:$A$117=D$50)*('Arbonia Original'!$B$2:$B$117=$B55),'Arbonia Original'!$M$2:$M$117,"")} | E55: {=_xlfn.XLOOKUP(1,('Arbonia Original'!$A$2:$A$117=E$50)*('Arbonia Original'!$B$2:$B$117=$B55),'Arbonia Original'!$M$2:$M$117,"")} -> 27 | F55: {=_xlfn.XLOOKUP(1,('Arbonia Original'!$A$2:$A$117=F$50)*('Arbonia Original'!$B$2:$B$117=$B55),'Arbonia Original'!$M$2:$M$117,"")} -> 27 | G55: {=_xlfn.XLOOKUP(1,('Arbonia Original'!$A$2:$A$117=G$50)*('Arbonia Original'!$B$2:$B$117=$B55),'Arbonia Original'!$M$2:$M$117,"")} -> 27 | H55: {=_xlfn.XLOOKUP(1,('Arbonia Original'!$A$2:$A$117=H$50)*('Arbonia Original'!$B$2:$B$117=$B55),'Arbonia Original'!$M$2:$M$117,"")} -> 27 | I55: {=_xlfn.XLOOKUP(1,('Arbonia Original'!$A$2:$A$117=I$50)*('Arbonia Original'!$B$2:$B$117=$B55),'Arbonia Original'!$M$2:$M$117,"")} -> 27 | J55: {=_xlfn.XLOOKUP(1,('Arbonia Original'!$A$2:$A$117=J$50)*('Arbonia Original'!$B$2:$B$117=$B55),'Arbonia Original'!$M$2:$M$117,"")} -> 27 | ... X55: {=_xlfn.XLOOKUP(1,('Arbonia Original'!$A$2:$A$117=X$50)*('Arbonia Original'!$B$2:$B$117=$B55),'Arbonia Original'!$M$2:$M$117,"")} -> 27
A57: Preis pro Glied (CHF/Gl.) | C57: Bauhöhe
A58: qm | C58: =C$2 -> 180 | D58: =D$2 -> 190 | E58: =E$2 -> 260 | F58: =F$2 -> 300 | G58: =G$2 -> 350 | H58: =H$2 -> 400 | I58: =I$2 -> 450 | J58: =J$2 -> 500 | ... X58: =X$2 -> 3000
A59: Bautiefe | B59: =B3 -> 65 | C59: {=_xlfn.XLOOKUP(1,('Arbonia Original'!$A$2:$A$117=C$58)*('Arbonia Original'!$B$2:$B$117=$B59),'Arbonia Original'!$N$2:$N$117,"")} | D59: {=_xlfn.XLOOKUP(1,('Arbonia Original'!$A$2:$A$117=D$58)*('Arbonia Original'!$B$2:$B$117=$B59),'Arbonia Original'!$N$2:$N$117,"")} -> 44.16 | E59: {=_xlfn.XLOOKUP(1,('Arbonia Original'!$A$2:$A$117=E$58)*('Arbonia Original'!$B$2:$B$117=$B59),'Arbonia Original'!$N$2:$N$117,"")} -> 46.44 | F59: {=_xlfn.XLOOKUP(1,('Arbonia Original'!$A$2:$A$117=F$58)*('Arbonia Original'!$B$2:$B$117=$B59),'Arbonia Original'!$N$2:$N$117,"")} -> 43.52 | G59: {=_xlfn.XLOOKUP(1,('Arbonia Original'!$A$2:$A$117=G$58)*('Arbonia Original'!$B$2:$B$117=$B59),'Arbonia Original'!$N$2:$N$117,"")} -> 45.33 | H59: {=_xlfn.XLOOKUP(1,('Arbonia Original'!$A$2:$A$117=H$58)*('Arbonia Original'!$B$2:$B$117=$B59),'Arbonia Original'!$N$2:$N$117,"")} -> 46.44 | I59: {=_xlfn.XLOOKUP(1,('Arbonia Original'!$A$2:$A$117=I$58)*('Arbonia Original'!$B$2:$B$117=$B59),'Arbonia Original'!$N$2:$N$117,"")} -> 47.14 | J59: {=_xlfn.XLOOKUP(1,('Arbonia Original'!$A$2:$A$117=J$58)*('Arbonia Original'!$B$2:$B$117=$B59),'Arbonia Original'!$N$2:$N$117,"")} -> 48.18 | ... X59: {=_xlfn.XLOOKUP(1,('Arbonia Original'!$A$2:$A$117=X$58)*('Arbonia Original'!$B$2:$B$117=$B59),'Arbonia Original'!$N$2:$N$117,"")} -> 157.79
B60: =B4 -> 105 | C60: {=_xlfn.XLOOKUP(1,('Arbonia Original'!$A$2:$A$117=C$58)*('Arbonia Original'!$B$2:$B$117=$B60),'Arbonia Original'!$N$2:$N$117,"")} | D60: {=_xlfn.XLOOKUP(1,('Arbonia Original'!$A$2:$A$117=D$58)*('Arbonia Original'!$B$2:$B$117=$B60),'Arbonia Original'!$N$2:$N$117,"")} -> 43.27 | E60: {=_xlfn.XLOOKUP(1,('Arbonia Original'!$A$2:$A$117=E$58)*('Arbonia Original'!$B$2:$B$117=$B60),'Arbonia Original'!$N$2:$N$117,"")} -> 44.39 | F60: {=_xlfn.XLOOKUP(1,('Arbonia Original'!$A$2:$A$117=F$58)*('Arbonia Original'!$B$2:$B$117=$B60),'Arbonia Original'!$N$2:$N$117,"")} -> 45.95 | G60: {=_xlfn.XLOOKUP(1,('Arbonia Original'!$A$2:$A$117=G$58)*('Arbonia Original'!$B$2:$B$117=$B60),'Arbonia Original'!$N$2:$N$117,"")} -> 47.14 | H60: {=_xlfn.XLOOKUP(1,('Arbonia Original'!$A$2:$A$117=H$58)*('Arbonia Original'!$B$2:$B$117=$B60),'Arbonia Original'!$N$2:$N$117,"")} -> 48.18 | I60: {=_xlfn.XLOOKUP(1,('Arbonia Original'!$A$2:$A$117=I$58)*('Arbonia Original'!$B$2:$B$117=$B60),'Arbonia Original'!$N$2:$N$117,"")} -> 49.29 | J60: {=_xlfn.XLOOKUP(1,('Arbonia Original'!$A$2:$A$117=J$58)*('Arbonia Original'!$B$2:$B$117=$B60),'Arbonia Original'!$N$2:$N$117,"")} -> 50.08 | ... X60: {=_xlfn.XLOOKUP(1,('Arbonia Original'!$A$2:$A$117=X$58)*('Arbonia Original'!$B$2:$B$117=$B60),'Arbonia Original'!$N$2:$N$117,"")} -> 235.7
B61: =B5 -> 145 | C61: {=_xlfn.XLOOKUP(1,('Arbonia Original'!$A$2:$A$117=C$58)*('Arbonia Original'!$B$2:$B$117=$B61),'Arbonia Original'!$N$2:$N$117,"")} | D61: {=_xlfn.XLOOKUP(1,('Arbonia Original'!$A$2:$A$117=D$58)*('Arbonia Original'!$B$2:$B$117=$B61),'Arbonia Original'!$N$2:$N$117,"")} -> 48.51 | E61: {=_xlfn.XLOOKUP(1,('Arbonia Original'!$A$2:$A$117=E$58)*('Arbonia Original'!$B$2:$B$117=$B61),'Arbonia Original'!$N$2:$N$117,"")} -> 50.75 | F61: {=_xlfn.XLOOKUP(1,('Arbonia Original'!$A$2:$A$117=F$58)*('Arbonia Original'!$B$2:$B$117=$B61),'Arbonia Original'!$N$2:$N$117,"")} -> 51.53 | G61: {=_xlfn.XLOOKUP(1,('Arbonia Original'!$A$2:$A$117=G$58)*('Arbonia Original'!$B$2:$B$117=$B61),'Arbonia Original'!$N$2:$N$117,"")} -> 53.42 | H61: {=_xlfn.XLOOKUP(1,('Arbonia Original'!$A$2:$A$117=H$58)*('Arbonia Original'!$B$2:$B$117=$B61),'Arbonia Original'!$N$2:$N$117,"")} -> 55.87 | I61: {=_xlfn.XLOOKUP(1,('Arbonia Original'!$A$2:$A$117=I$58)*('Arbonia Original'!$B$2:$B$117=$B61),'Arbonia Original'!$N$2:$N$117,"")} -> 60 | J61: {=_xlfn.XLOOKUP(1,('Arbonia Original'!$A$2:$A$117=J$58)*('Arbonia Original'!$B$2:$B$117=$B61),'Arbonia Original'!$N$2:$N$117,"")} -> 61.36 | ... X61: {=_xlfn.XLOOKUP(1,('Arbonia Original'!$A$2:$A$117=X$58)*('Arbonia Original'!$B$2:$B$117=$B61),'Arbonia Original'!$N$2:$N$117,"")} -> 294.53
B62: =B6 -> 185 | C62: {=_xlfn.XLOOKUP(1,('Arbonia Original'!$A$2:$A$117=C$58)*('Arbonia Original'!$B$2:$B$117=$B62),'Arbonia Original'!$N$2:$N$117,"")} -> 56.78 | D62: {=_xlfn.XLOOKUP(1,('Arbonia Original'!$A$2:$A$117=D$58)*('Arbonia Original'!$B$2:$B$117=$B62),'Arbonia Original'!$N$2:$N$117,"")} | E62: {=_xlfn.XLOOKUP(1,('Arbonia Original'!$A$2:$A$117=E$58)*('Arbonia Original'!$B$2:$B$117=$B62),'Arbonia Original'!$N$2:$N$117,"")} -> 60.26 | F62: {=_xlfn.XLOOKUP(1,('Arbonia Original'!$A$2:$A$117=F$58)*('Arbonia Original'!$B$2:$B$117=$B62),'Arbonia Original'!$N$2:$N$117,"")} -> 61.92 | G62: {=_xlfn.XLOOKUP(1,('Arbonia Original'!$A$2:$A$117=G$58)*('Arbonia Original'!$B$2:$B$117=$B62),'Arbonia Original'!$N$2:$N$117,"")} -> 64.33 | H62: {=_xlfn.XLOOKUP(1,('Arbonia Original'!$A$2:$A$117=H$58)*('Arbonia Original'!$B$2:$B$117=$B62),'Arbonia Original'!$N$2:$N$117,"")} -> 64.89 | I62: {=_xlfn.XLOOKUP(1,('Arbonia Original'!$A$2:$A$117=I$58)*('Arbonia Original'!$B$2:$B$117=$B62),'Arbonia Original'!$N$2:$N$117,"")} -> 81.59 | J62: {=_xlfn.XLOOKUP(1,('Arbonia Original'!$A$2:$A$117=J$58)*('Arbonia Original'!$B$2:$B$117=$B62),'Arbonia Original'!$N$2:$N$117,"")} -> 83.81 | ... X62: {=_xlfn.XLOOKUP(1,('Arbonia Original'!$A$2:$A$117=X$58)*('Arbonia Original'!$B$2:$B$117=$B62),'Arbonia Original'!$N$2:$N$117,"")} -> 362.08
B63: =B7 -> 225 | C63: {=_xlfn.XLOOKUP(1,('Arbonia Original'!$A$2:$A$117=C$58)*('Arbonia Original'!$B$2:$B$117=$B63),'Arbonia Original'!$N$2:$N$117,"")} -> 68.46 | D63: {=_xlfn.XLOOKUP(1,('Arbonia Original'!$A$2:$A$117=D$58)*('Arbonia Original'!$B$2:$B$117=$B63),'Arbonia Original'!$N$2:$N$117,"")} | E63: {=_xlfn.XLOOKUP(1,('Arbonia Original'!$A$2:$A$117=E$58)*('Arbonia Original'!$B$2:$B$117=$B63),'Arbonia Original'!$N$2:$N$117,"")} -> 69.65 | F63: {=_xlfn.XLOOKUP(1,('Arbonia Original'!$A$2:$A$117=F$58)*('Arbonia Original'!$B$2:$B$117=$B63),'Arbonia Original'!$N$2:$N$117,"")} -> 71.44 | G63: {=_xlfn.XLOOKUP(1,('Arbonia Original'!$A$2:$A$117=G$58)*('Arbonia Original'!$B$2:$B$117=$B63),'Arbonia Original'!$N$2:$N$117,"")} -> 73.73 | H63: {=_xlfn.XLOOKUP(1,('Arbonia Original'!$A$2:$A$117=H$58)*('Arbonia Original'!$B$2:$B$117=$B63),'Arbonia Original'!$N$2:$N$117,"")} -> 76.63 | I63: {=_xlfn.XLOOKUP(1,('Arbonia Original'!$A$2:$A$117=I$58)*('Arbonia Original'!$B$2:$B$117=$B63),'Arbonia Original'!$N$2:$N$117,"")} -> 87.81 | J63: {=_xlfn.XLOOKUP(1,('Arbonia Original'!$A$2:$A$117=J$58)*('Arbonia Original'!$B$2:$B$117=$B63),'Arbonia Original'!$N$2:$N$117,"")} -> 90.21 | ... X63: {=_xlfn.XLOOKUP(1,('Arbonia Original'!$A$2:$A$117=X$58)*('Arbonia Original'!$B$2:$B$117=$B63),'Arbonia Original'!$N$2:$N$117,"")} -> 432.94
A65: Modell | C65: Bauhöhe
C66: =C$2 -> 180 | D66: =D$2 -> 190 | E66: =E$2 -> 260 | F66: =F$2 -> 300 | G66: =G$2 -> 350 | H66: =H$2 -> 400 | I66: =I$2 -> 450 | J66: =J$2 -> 500 | ... X66: =X$2 -> 3000
A67: Bautiefe | B67: =B3 -> 65 | C67: {=_xlfn.XLOOKUP(1,('Arbonia Original'!$A$2:$A$117=C$66)*('Arbonia Original'!$B$2:$B$117=$B67),'Arbonia Original'!$C$2:$C$117,"")} | D67: {=_xlfn.XLOOKUP(1,('Arbonia Original'!$A$2:$A$117=D$66)*('Arbonia Original'!$B$2:$B$117=$B67),'Arbonia Original'!$C$2:$C$117,"")} -> 2019 | E67: {=_xlfn.XLOOKUP(1,('Arbonia Original'!$A$2:$A$117=E$66)*('Arbonia Original'!$B$2:$B$117=$B67),'Arbonia Original'!$C$2:$C$117,"")} -> 2026 | F67: {=_xlfn.XLOOKUP(1,('Arbonia Original'!$A$2:$A$117=F$66)*('Arbonia Original'!$B$2:$B$117=$B67),'Arbonia Original'!$C$2:$C$117,"")} -> 2030 | G67: {=_xlfn.XLOOKUP(1,('Arbonia Original'!$A$2:$A$117=G$66)*('Arbonia Original'!$B$2:$B$117=$B67),'Arbonia Original'!$C$2:$C$117,"")} -> 2035 | H67: {=_xlfn.XLOOKUP(1,('Arbonia Original'!$A$2:$A$117=H$66)*('Arbonia Original'!$B$2:$B$117=$B67),'Arbonia Original'!$C$2:$C$117,"")} -> 2040 | I67: {=_xlfn.XLOOKUP(1,('Arbonia Original'!$A$2:$A$117=I$66)*('Arbonia Original'!$B$2:$B$117=$B67),'Arbonia Original'!$C$2:$C$117,"")} -> 2045 | J67: {=_xlfn.XLOOKUP(1,('Arbonia Original'!$A$2:$A$117=J$66)*('Arbonia Original'!$B$2:$B$117=$B67),'Arbonia Original'!$C$2:$C$117,"")} -> 2050 | ... X67: {=_xlfn.XLOOKUP(1,('Arbonia Original'!$A$2:$A$117=X$66)*('Arbonia Original'!$B$2:$B$117=$B67),'Arbonia Original'!$C$2:$C$117,"")} -> 2300
B68: =B4 -> 105 | C68: {=_xlfn.XLOOKUP(1,('Arbonia Original'!$A$2:$A$117=C$66)*('Arbonia Original'!$B$2:$B$117=$B68),'Arbonia Original'!$C$2:$C$117,"")} | D68: {=_xlfn.XLOOKUP(1,('Arbonia Original'!$A$2:$A$117=D$66)*('Arbonia Original'!$B$2:$B$117=$B68),'Arbonia Original'!$C$2:$C$117,"")} -> 3019 | E68: {=_xlfn.XLOOKUP(1,('Arbonia Original'!$A$2:$A$117=E$66)*('Arbonia Original'!$B$2:$B$117=$B68),'Arbonia Original'!$C$2:$C$117,"")} -> 3026 | F68: {=_xlfn.XLOOKUP(1,('Arbonia Original'!$A$2:$A$117=F$66)*('Arbonia Original'!$B$2:$B$117=$B68),'Arbonia Original'!$C$2:$C$117,"")} -> 3030 | G68: {=_xlfn.XLOOKUP(1,('Arbonia Original'!$A$2:$A$117=G$66)*('Arbonia Original'!$B$2:$B$117=$B68),'Arbonia Original'!$C$2:$C$117,"")} -> 3035 | H68: {=_xlfn.XLOOKUP(1,('Arbonia Original'!$A$2:$A$117=H$66)*('Arbonia Original'!$B$2:$B$117=$B68),'Arbonia Original'!$C$2:$C$117,"")} -> 3040 | I68: {=_xlfn.XLOOKUP(1,('Arbonia Original'!$A$2:$A$117=I$66)*('Arbonia Original'!$B$2:$B$117=$B68),'Arbonia Original'!$C$2:$C$117,"")} -> 3045 | J68: {=_xlfn.XLOOKUP(1,('Arbonia Original'!$A$2:$A$117=J$66)*('Arbonia Original'!$B$2:$B$117=$B68),'Arbonia Original'!$C$2:$C$117,"")} -> 3050 | ... X68: {=_xlfn.XLOOKUP(1,('Arbonia Original'!$A$2:$A$117=X$66)*('Arbonia Original'!$B$2:$B$117=$B68),'Arbonia Original'!$C$2:$C$117,"")} -> 3300
B69: =B5 -> 145 | C69: {=_xlfn.XLOOKUP(1,('Arbonia Original'!$A$2:$A$117=C$66)*('Arbonia Original'!$B$2:$B$117=$B69),'Arbonia Original'!$C$2:$C$117,"")} | D69: {=_xlfn.XLOOKUP(1,('Arbonia Original'!$A$2:$A$117=D$66)*('Arbonia Original'!$B$2:$B$117=$B69),'Arbonia Original'!$C$2:$C$117,"")} -> 4019 | E69: {=_xlfn.XLOOKUP(1,('Arbonia Original'!$A$2:$A$117=E$66)*('Arbonia Original'!$B$2:$B$117=$B69),'Arbonia Original'!$C$2:$C$117,"")} -> 4026 | F69: {=_xlfn.XLOOKUP(1,('Arbonia Original'!$A$2:$A$117=F$66)*('Arbonia Original'!$B$2:$B$117=$B69),'Arbonia Original'!$C$2:$C$117,"")} -> 4030 | G69: {=_xlfn.XLOOKUP(1,('Arbonia Original'!$A$2:$A$117=G$66)*('Arbonia Original'!$B$2:$B$117=$B69),'Arbonia Original'!$C$2:$C$117,"")} -> 4035 | H69: {=_xlfn.XLOOKUP(1,('Arbonia Original'!$A$2:$A$117=H$66)*('Arbonia Original'!$B$2:$B$117=$B69),'Arbonia Original'!$C$2:$C$117,"")} -> 4040 | I69: {=_xlfn.XLOOKUP(1,('Arbonia Original'!$A$2:$A$117=I$66)*('Arbonia Original'!$B$2:$B$117=$B69),'Arbonia Original'!$C$2:$C$117,"")} -> 4045 | J69: {=_xlfn.XLOOKUP(1,('Arbonia Original'!$A$2:$A$117=J$66)*('Arbonia Original'!$B$2:$B$117=$B69),'Arbonia Original'!$C$2:$C$117,"")} -> 4050 | ... X69: {=_xlfn.XLOOKUP(1,('Arbonia Original'!$A$2:$A$117=X$66)*('Arbonia Original'!$B$2:$B$117=$B69),'Arbonia Original'!$C$2:$C$117,"")} -> 4300
B70: =B6 -> 185 | C70: {=_xlfn.XLOOKUP(1,('Arbonia Original'!$A$2:$A$117=C$66)*('Arbonia Original'!$B$2:$B$117=$B70),'Arbonia Original'!$C$2:$C$117,"")} -> 5018 | D70: {=_xlfn.XLOOKUP(1,('Arbonia Original'!$A$2:$A$117=D$66)*('Arbonia Original'!$B$2:$B$117=$B70),'Arbonia Original'!$C$2:$C$117,"")} | E70: {=_xlfn.XLOOKUP(1,('Arbonia Original'!$A$2:$A$117=E$66)*('Arbonia Original'!$B$2:$B$117=$B70),'Arbonia Original'!$C$2:$C$117,"")} -> 5026 | F70: {=_xlfn.XLOOKUP(1,('Arbonia Original'!$A$2:$A$117=F$66)*('Arbonia Original'!$B$2:$B$117=$B70),'Arbonia Original'!$C$2:$C$117,"")} -> 5030 | G70: {=_xlfn.XLOOKUP(1,('Arbonia Original'!$A$2:$A$117=G$66)*('Arbonia Original'!$B$2:$B$117=$B70),'Arbonia Original'!$C$2:$C$117,"")} -> 5035 | H70: {=_xlfn.XLOOKUP(1,('Arbonia Original'!$A$2:$A$117=H$66)*('Arbonia Original'!$B$2:$B$117=$B70),'Arbonia Original'!$C$2:$C$117,"")} -> 5040 | I70: {=_xlfn.XLOOKUP(1,('Arbonia Original'!$A$2:$A$117=I$66)*('Arbonia Original'!$B$2:$B$117=$B70),'Arbonia Original'!$C$2:$C$117,"")} -> 5045 | J70: {=_xlfn.XLOOKUP(1,('Arbonia Original'!$A$2:$A$117=J$66)*('Arbonia Original'!$B$2:$B$117=$B70),'Arbonia Original'!$C$2:$C$117,"")} -> 5050 | ... X70: {=_xlfn.XLOOKUP(1,('Arbonia Original'!$A$2:$A$117=X$66)*('Arbonia Original'!$B$2:$B$117=$B70),'Arbonia Original'!$C$2:$C$117,"")} -> 5300
B71: =B7 -> 225 | C71: {=_xlfn.XLOOKUP(1,('Arbonia Original'!$A$2:$A$117=C$66)*('Arbonia Original'!$B$2:$B$117=$B71),'Arbonia Original'!$C$2:$C$117,"")} -> 6018 | D71: {=_xlfn.XLOOKUP(1,('Arbonia Original'!$A$2:$A$117=D$66)*('Arbonia Original'!$B$2:$B$117=$B71),'Arbonia Original'!$C$2:$C$117,"")} | E71: {=_xlfn.XLOOKUP(1,('Arbonia Original'!$A$2:$A$117=E$66)*('Arbonia Original'!$B$2:$B$117=$B71),'Arbonia Original'!$C$2:$C$117,"")} -> 6026 | F71: {=_xlfn.XLOOKUP(1,('Arbonia Original'!$A$2:$A$117=F$66)*('Arbonia Original'!$B$2:$B$117=$B71),'Arbonia Original'!$C$2:$C$117,"")} -> 6030 | G71: {=_xlfn.XLOOKUP(1,('Arbonia Original'!$A$2:$A$117=G$66)*('Arbonia Original'!$B$2:$B$117=$B71),'Arbonia Original'!$C$2:$C$117,"")} -> 6035 | H71: {=_xlfn.XLOOKUP(1,('Arbonia Original'!$A$2:$A$117=H$66)*('Arbonia Original'!$B$2:$B$117=$B71),'Arbonia Original'!$C$2:$C$117,"")} -> 6040 | I71: {=_xlfn.XLOOKUP(1,('Arbonia Original'!$A$2:$A$117=I$66)*('Arbonia Original'!$B$2:$B$117=$B71),'Arbonia Original'!$C$2:$C$117,"")} -> 6045 | J71: {=_xlfn.XLOOKUP(1,('Arbonia Original'!$A$2:$A$117=J$66)*('Arbonia Original'!$B$2:$B$117=$B71),'Arbonia Original'!$C$2:$C$117,"")} -> 6050 | ... X71: {=_xlfn.XLOOKUP(1,('Arbonia Original'!$A$2:$A$117=X$66)*('Arbonia Original'!$B$2:$B$117=$B71),'Arbonia Original'!$C$2:$C$117,"")} -> 6300
A73: THGE pro Glied (kg CO2/Gl.) | C73: Bauhöhe
C74: =C$2 -> 180 | D74: =D$2 -> 190 | E74: =E$2 -> 260 | F74: =F$2 -> 300 | G74: =G$2 -> 350 | H74: =H$2 -> 400 | I74: =I$2 -> 450 | J74: =J$2 -> 500 | ... X74: =X$2 -> 3000
A75: Bautiefe | B75: =B3 -> 65 | C75: =IF(C27="","",(C19-C27*$C$98/1000)*$B$97+C27*$B$98) | D75: =IF(D27="","",(D19-D27*$C$98/1000)*$B$97+D27*$B$98) -> 0.369672 | E75: =IF(E27="","",(E19-E27*$C$98/1000)*$B$97+E27*$B$98) -> 0.478296 | F75: =IF(F27="","",(F19-F27*$C$98/1000)*$B$97+F27*$B$98) -> 0.55772 | G75: =IF(G27="","",(G19-G27*$C$98/1000)*$B$97+G27*$B$98) -> 0.644444 | H75: =IF(H27="","",(H19-H27*$C$98/1000)*$B$97+H27*$B$98) -> 0.731168 | I75: =IF(I27="","",(I19-I27*$C$98/1000)*$B$97+I27*$B$98) -> 0.774968 | J75: =IF(J27="","",(J19-J27*$C$98/1000)*$B$97+J27*$B$98) -> 0.861692 | ... X75: =IF(X27="","",(X19-X27*$C$98/1000)*$B$97+X27*$B$98) -> 4.797852
B76: =B4 -> 105 | C76: =IF(C28="","",(C20-C28*$C$98/1000)*$B$97+C28*$B$98) | D76: =IF(D28="","",(D20-D28*$C$98/1000)*$B$97+D28*$B$98) -> 0.57962 | E76: =IF(E28="","",(E20-E28*$C$98/1000)*$B$97+E28*$B$98) -> 0.760368 | F76: =IF(F28="","",(F20-F28*$C$98/1000)*$B$97+F28*$B$98) -> 0.854392 | G76: =IF(G28="","",(G20-G28*$C$98/1000)*$B$97+G28*$B$98) -> 0.963016 | H76: =IF(H28="","",(H20-H28*$C$98/1000)*$B$97+H28*$B$98) -> 1.07164 | I76: =IF(I28="","",(I20-I28*$C$98/1000)*$B$97+I28*$B$98) -> 1.180264 | J76: =IF(J28="","",(J20-J28*$C$98/1000)*$B$97+J28*$B$98) -> 1.288888 | ... X76: =IF(X28="","",(X20-X28*$C$98/1000)*$B$97+X28*$B$98) -> 7.150204
B77: =B5 -> 145 | C77: =IF(C29="","",(C21-C29*$C$98/1000)*$B$97+C29*$B$98) | D77: =IF(D29="","",(D21-D29*$C$98/1000)*$B$97+D29*$B$98) -> 0.782268 | E77: =IF(E29="","",(E21-E29*$C$98/1000)*$B$97+E29*$B$98) -> 0.999516 | F77: =IF(F29="","",(F21-F29*$C$98/1000)*$B$97+F29*$B$98) -> 1.10814 | G77: =IF(G29="","",(G21-G29*$C$98/1000)*$B$97+G29*$B$98) -> 1.288888 | H77: =IF(H29="","",(H21-H29*$C$98/1000)*$B$97+H29*$B$98) -> 1.419412 | I77: =IF(I29="","",(I21-I29*$C$98/1000)*$B$97+I29*$B$98) -> 1.59286 | J77: =IF(J29="","",(J21-J29*$C$98/1000)*$B$97+J29*$B$98) -> 1.766308 | ... X77: =IF(X29="","",(X21-X29*$C$98/1000)*$B$97+X29*$B$98) -> 9.54548
B78: =B6 -> 185 | C78: =IF(C30="","",(C22-C30*$C$98/1000)*$B$97+C30*$B$98) -> 0.993092 | D78: =IF(D30="","",(D22-D30*$C$98/1000)*$B$97+D30*$B$98) | E78: =IF(E30="","",(E22-E30*$C$98/1000)*$B$97+E30*$B$98) -> 1.282464 | F78: =IF(F30="","",(F22-F30*$C$98/1000)*$B$97+F30*$B$98) -> 1.455912 | G78: =IF(G30="","",(G22-G30*$C$98/1000)*$B$97+G30*$B$98) -> 1.65126 | H78: =IF(H30="","",(H22-H30*$C$98/1000)*$B$97+H30*$B$98) -> 1.846608 | I78: =IF(I30="","",(I22-I30*$C$98/1000)*$B$97+I30*$B$98) -> 2.041956 | J78: =IF(J30="","",(J22-J30*$C$98/1000)*$B$97+J30*$B$98) -> 2.237304 | ... X78: =IF(X30="","",(X22-X30*$C$98/1000)*$B$97+X30*$B$98) -> 11.984556
B79: =B7 -> 225 | C79: =IF(C31="","",(C23-C31*$C$98/1000)*$B$97+C31*$B$98) -> 1.21764 | D79: =IF(D31="","",(D23-D31*$C$98/1000)*$B$97+D31*$B$98) | E79: =IF(E31="","",(E23-E31*$C$98/1000)*$B$97+E31*$B$98) -> 1.536212 | F79: =IF(F31="","",(F23-F31*$C$98/1000)*$B$97+F31*$B$98) -> 1.73156 | G79: =IF(G31="","",(G23-G31*$C$98/1000)*$B$97+G31*$B$98) -> 1.991732 | H79: =IF(H31="","",(H23-H31*$C$98/1000)*$B$97+H31*$B$98) -> 2.20898 | I79: =IF(I31="","",(I23-I31*$C$98/1000)*$B$97+I31*$B$98) -> 2.426228 | J79: =IF(J31="","",(J23-J31*$C$98/1000)*$B$97+J31*$B$98) -> 2.6864 | ... X79: =IF(X31="","",(X23-X31*$C$98/1000)*$B$97+X31*$B$98) -> 14.394432
A82: =Gliederradiator!$B$2 -> 500 | B82: =IFERROR(ADDRESS(ROW(C2), COLUMN(C2)-1 + _xlfn.XMATCH(A82, C2:X2, 1), 4), "Kein grösserer Wert") -> J2 | C82: {=INDEX(A:V, ROW(INDIRECT(B82)), COLUMN(INDIRECT(B82))-1)} -> 450 | D82: {=INDIRECT(B82)} -> 500 | F82: =IFERROR(ADDRESS(ROW(C10), COLUMN(C10)-1 + _xlfn.XMATCH(A82, C10:X10, 1), 4), "Kein grösserer Wert") -> J10 | G82: {=INDEX(A:V, ROW(INDIRECT(F82)), COLUMN(INDIRECT(F82))-1)} -> 450 | H82: {=INDIRECT(F82)} -> 500 | I82: =IFERROR(ADDRESS(ROW(C74), COLUMN(C74)-1 + _xlfn.XMATCH(A82, C74:X74, 1), 4), "Kein grösserer Wert") -> J74 | J82: {=INDEX(A:V, ROW(INDIRECT(I82)), COLUMN(INDIRECT(I82))-1)} -> 450 | K82: {=INDIRECT(I82)} -> 500
A83: =Gliederradiator!$B$3 -> 136 | B83: =IFERROR(ADDRESS(ROW(B3)-1 + _xlfn.XMATCH(A83,B3:B7,1),COLUMN(B3),4),"Kein grösserer Wert") -> B5 | C83: {=INDEX(A:V, ROW(INDIRECT(B83)), COLUMN(INDIRECT(B82)))} -> 69 | D83: {=INDIRECT(B83)} -> 145 | F83: =IFERROR(ADDRESS(ROW(B11)-1 + _xlfn.XMATCH(A83,B11:B15,1),COLUMN(B11),4),"Kein grösserer Wert") -> B13 | G83: {=INDEX(A:V, ROW(INDIRECT(F83))-1, COLUMN(INDIRECT(F83)))} -> 105 | H83: {=INDIRECT(F83)} -> 145 | I83: =IFERROR(ADDRESS(ROW(B75)-1 + _xlfn.XMATCH(A83,B75:B79,1),COLUMN(B75),4),"Kein grösserer Wert") -> B77 | J83: {=INDEX(A:V, ROW(INDIRECT(I83))-1, COLUMN(INDIRECT(I83)))} -> 105 | K83: {=INDIRECT(I83)} -> 145
A84: =C84 + (A82-C82)/(D82-C82)*(D84-C84)*0.5 + (A83-C83)/(D83-C83)*(D84-C84)*0.5 -> 67.756579 | C84: {=INDEX(A:V, ROW(INDIRECT(B83))-1, COLUMN(INDIRECT(B82))-1)} -> 48 | D84: {=INDEX(A:V, ROW(INDIRECT(B83)), COLUMN(INDIRECT(B82)))} -> 69 | G84: {=INDEX(A:V, ROW(INDIRECT(F83))-1, COLUMN(INDIRECT(F82))-1)} -> 1.36 | H84: {=INDEX(A:V, ROW(INDIRECT(F83)), COLUMN(INDIRECT(F82)))} -> 1.35 | J84: {=INDEX(A:V, ROW(INDIRECT(I83))-1, COLUMN(INDIRECT(I82))-1)} -> 1.180264 | K84: {=INDEX(A:V, ROW(INDIRECT(I83)), COLUMN(INDIRECT(I82)))} -> 1.766308
A85: =C85 + (A82-C82)/(D82-C82)*(D85-C85)*0.5 + (A83-C83)/(D83-C83)*(D85-C85)*0.5 -> 1.3505921 | C85: {=INDEX(A:V, ROW(INDIRECT(F83))-1, COLUMN(INDIRECT(F82))-1)} -> 1.36 | D85: {=INDEX(A:Z, ROW(INDIRECT(F83)), COLUMN(INDIRECT(F82)))} -> 1.35
A86: =C86 + (A82-C82)/(D82-C82)*(D86-C86)*0.5 + (A83-C83)/(D83-C83)*(D86-C86)*0.5 -> 1.731608 | C86: =J84 -> 1.180264 | D86: =K84 -> 1.766308
A89: Formulas:
A90: Φ = Φn x (ΔT/ ΔTn)n | G90: ='Basis Radiator'!F10*((Gliederradiator!B8-Gliederradiator!B9)/'Basis Radiator'!B62)^Gliederradiator!B15 -> 24.135841
E91: 75 | F91: 90
A92: ΔT = (tin–tut) / (ln ( (tin – trum) / (tut – trum) ) ) | E92: 65 | F92: 70
E93: 20 | F93: 20
A94: ΔTn | B94: =(E91-E92)/(LN((E91-E93)/(E92-E93))) -> 49.832887 | E94: =(E91-E92)/(LN((E91-E93)/(E92-E93))) -> 49.832887 | F94: =(F91-F92)/(LN((F91-F93)/(F92-F93))) -> 59.440268
A96: THGE
A97: Stahl (kg) | B97: 0.73
A98: Pulverbeschichten, Stahl (m2) | B98: 4.38 | C98: 120 | D98: g/m2 (80 micras, 1.5 g/cm3)

Sheet Arbonia Original
A1: TECHNISCHE DATEN UND PREIS PRO GLIED - Bauhöhe 180–500 mm
A2: Bau- höhe | B2: Bau- tiefe | C2: Modell | D2: Wärmeleistung EN 442 | H2: Exponent | I2: Ø Masse pro Glied | J2: Fläche pro Glied | K2: Wasser- inhalt pro Glied | L2: Norm- Wasser- strom | M2: Strahlungs- anteil | N2: Preis pro Glied 2022 | O2: Preis pro Glied 2025
A3: H | B3: T | D3: ФL ΔT 50K 75/65/20°C | E3: ФL ΔT 42K 50/40/20°C | F3: ФL ΔT 25K 50/40/20°C | G3: ФL ΔT 16K 40/32/20°C | H3: n | I3: M | J3: A | K3: W | L3: qm | M3: s
A4: [mm] | B4: [mm] | D4: [Watt/Gl.] | E4: [Watt/Gl.] | F4: [Watt/Gl.] | G4: [Watt/Gl.] | H4: [ ] | I4: [kg/Gl.] | J4: [m²/Gl.] | K4: [l/Gl.] | L4: [kg/h Gl.] | M4: [%] | N4: [CHF/Gl.] | O4: [Euro/Gl.]
A5: 180 | B5: 185 | C5: 5018 | D5: 32 | E5: 26 | F5: 13 | G5: 7 | H5: 1.29 | I5: 0.89 | J5: 0.08 | K5: 0.62 | L5: 2.5 | M5: 30 | N5: 56.78 | O5: 64.73
A6: 180 | B6: 225 | C6: 6018 | D6: 39 | E6: 31 | F6: 15 | G6: 8 | H6: 1.31 | I6: 1.08 | J6: 0.1 | K6: 0.74 | L6: 2.8 | M6: 27 | N6: 68.46 | O6: 74.21
A7: 190 | B7: 65 | C7: 2019 | D7: 15 | E7: 12 | F7: 6 | G7: 3 | H7: 1.23 | I7: 0.33 | J7: 0.03 | K7: 0.28 | L7: 1.2 | M7: 49 | N7: 44.16 | O7: 39.89
A8: 190 | B8: 105 | C8: 3019 | D8: 20 | E8: 16 | F8: 8 | G8: 5 | H8: 1.27 | I8: 0.5 | J8: 0.05 | K8: 0.4 | L8: 1.7 | M8: 38 | N8: 43.27 | O8: 40.84
A9: 190 | B9: 145 | C9: 4019 | D9: 27 | E9: 22 | F9: 11 | G9: 6 | H9: 1.25 | I9: 0.66 | J9: 0.07 | K9: 0.52 | L9: 2.2 | M9: 33 | N9: 48.51 | O9: 43.65
A10: 260 | B10: 65 | C10: 2026 | D10: 20 | E10: 16 | F10: 8 | G10: 5 | H10: 1.25 | I10: 0.42 | J10: 0.04 | K10: 0.34 | L10: 1.6 | M10: 49 | N10: 46.44 | O10: 55.19
A11: 260 | B11: 105 | C11: 3026 | D11: 28 | E11: 22 | F11: 11 | G11: 6 | H11: 1.31 | I11: 0.63 | J11: 0.07 | K11: 0.48 | L11: 2.2 | M11: 38 | N11: 44.39 | O11: 56.74
A12: 260 | B12: 145 | C12: 4026 | D12: 36 | E12: 29 | F12: 15 | G12: 8 | H12: 1.3 | I12: 0.84 | J12: 0.09 | K12: 0.63 | L12: 2.8 | M12: 33 | N12: 50.75 | O12: 63.09
A13: 260 | B13: 185 | C13: 5026 | D13: 45 | E13: 36 | F13: 17 | G13: 10 | H13: 1.33 | I13: 1.11 | J13: 0.11 | K13: 0.78 | L13: 3.6 | M13: 30 | N13: 60.26 | O13: 74.56
A14: 260 | B14: 225 | C14: 6026 | D14: 53 | E14: 42 | F14: 20 | G14: 11 | H14: 1.36 | I14: 1.34 | J14: 0.13 | K14: 0.93 | L14: 4 | M14: 27 | N14: 69.65 | O14: 84.54
A15: 300 | B15: 65 | C15: 2030 | D15: 24 | E15: 19 | F15: 10 | G15: 6 | H15: 1.26 | I15: 0.47 | J15: 0.05 | K15: 0.37 | L15: 1.9 | M15: 49 | N15: 43.52 | O15: 51.73
A16: 300 | B16: 105 | C16: 3030 | D16: 33 | E16: 26 | F16: 13 | G16: 7 | H16: 1.33 | I16: 0.7 | J16: 0.08 | K16: 0.53 | L16: 2.7 | M16: 38 | N16: 45.95 | O16: 54.45
... A39: 500 | B39: 225 | C39: 6050 | D39: 99 | E39: 78 | F39: 37 | G39: 19 | H39: 1.41 | I39: 2.21 | J39: 0.25 | K39: 1.5 | L39: 8.1 | M39: 27 | N39: 90.21 | O39: 97.4
A40: TECHNISCHE DATEN UND PREIS PRO GLIED - Bauhöhe 550–1200 mm
A41: Bau- höhe | B41: Bau- tiefe | C41: Modell | D41: Wärmeleistung EN 442 | H41: Exponent | I41: Ø Masse pro Glied | J41: Fläche pro Glied | K41: Wasser- inhalt pro Glied | L41: Norm- Wasser- strom | M41: Strahlungs- anteil | N41: Preis pro Glied 2022 | O41: Preis pro Glied 2025
A42: H | B42: T | D42: ФL ΔT 50K 75/65/20°C | E42: ФL ΔT 42K 50/40/20°C | F42: ФL ΔT 25K 50/40/20°C | G42: ФL ΔT 16K 40/32/20°C | H42: n | I42: M | J42: A | K42: W | L42: qm | M42: s
A43: [mm] | B43: [mm] | D43: [Watt/Gl.] | E43: [Watt/Gl.] | F43: [Watt/Gl.] | G43: [Watt/Gl.] | H43: [ ] | I43: [kg/Gl.] | J43: [m²/Gl.] | K43: [l/Gl.] | L43: [kg/h Gl.] | M43: [%] | N43: [CHF/Gl.] | O43: [Euro/Gl.]
A44: 550 | B44: 65 | C44: 2055 | D44: 42 | E44: 34 | F44: 17 | G44: 9 | H44: 1.31 | I44: 0.77 | J44: 0.09 | K44: 0.57 | L44: 3.5 | M44: 49 | N44: 48.51 | O44: 57.46
A45: 550 | B45: 105 | C45: 3055 | D45: 58 | E45: 46 | F45: 22 | G45: 12 | H45: 1.36 | I45: 1.16 | J45: 0.14 | K45: 0.83 | L45: 4.7 | M45: 38 | N45: 51.26 | O45: 63.16
A46: 550 | B46: 145 | C46: 4055 | D46: 75 | E46: 60 | F46: 29 | G46: 16 | H46: 1.35 | I46: 1.54 | J46: 0.18 | K46: 1.09 | L46: 6.1 | M46: 33 | N46: 63.08 | O46: 73.12
A47: 550 | B47: 185 | C47: 5055 | D47: 93 | E47: 73 | F47: 35 | G47: 19 | H47: 1.39 | I47: 1.99 | J47: 0.23 | K47: 1.36 | L47: 7.5 | M47: 30 | N47: 86.27 | O47: 88.08
A48: 550 | B48: 225 | C48: 6055 | D48: 108 | E48: 85 | F48: 40 | G48: 21 | H48: 1.41 | I48: 2.4 | J48: 0.27 | K48: 1.62 | L48: 8.9 | M48: 27 | N48: 93.1 | O48: 100.4
A49: 600 | B49: 65 | C49: 2060 | D49: 46 | E49: 37 | F49: 18 | G49: 10 | H49: 1.31 | I49: 0.83 | J49: 0.1 | K49: 0.61 | L49: 3.8 | M49: 49 | N49: 49.95 | O49: 59.39
A50: 600 | B50: 105 | C50: 3060 | D50: 63 | E50: 50 | F50: 24 | G50: 13 | H50: 1.36 | I50: 1.25 | J50: 0.15 | K50: 0.89 | L50: 5.2 | M50: 38 | N50: 52.04 | O50: 64.77
A51: 600 | B51: 145 | C51: 4060 | D51: 81 | E51: 64 | F51: 31 | G51: 17 | H51: 1.35 | I51: 1.66 | J51: 0.2 | K51: 1.17 | L51: 6.6 | M51: 33 | N51: 65.52 | O51: 75.25
A52: 600 | B52: 185 | C52: 5060 | D52: 100 | E52: 79 | F52: 38 | G52: 20 | H52: 1.39 | I52: 2.14 | J52: 0.25 | K52: 1.45 | L52: 8.2 | M52: 30 | N52: 88.72 | O52: 90.17
A53: 600 | B53: 225 | C53: 6060 | D53: 117 | E53: 92 | F53: 43 | G53: 23 | H53: 1.41 | I53: 2.58 | J53: 0.29 | K53: 1.74 | L53: 9.7 | M53: 27 | N53: 95.02 | O53: 104.08
A54: 750 | B54: 65 | C54: 2075 | D54: 57 | E54: 45 | F54: 22 | G54: 12 | H54: 1.31 | I54: 1.02 | J54: 0.12 | K54: 0.73 | L54: 4.7 | M54: 49 | N54: 50.86 | O54: 65.21
A55: 750 | B55: 105 | C55: 3075 | D55: 78 | E55: 62 | F55: 30 | G55: 16 | H55: 1.36 | I55: 1.52 | J55: 0.18 | K55: 1.07 | L55: 6.5 | M55: 38 | N55: 56.38 | O55: 70.95
... A78: 1200 | B78: 225 | C78: 6120 | D78: 217 | E78: 171 | F78: 81 | G78: 43 | H78: 1.4 | I78: 4.76 | J78: 0.58 | K78: 3.17 | L78: 18 | M78: 27 | N78: 156.03 | O78: 150.65
A79: TECHNISCHE DATEN UND PREIS PRO GLIED - Bauhöhe 1500–3000 mm
